"Index","Open","High","Low","Close","Volume"
2007-12-01,16.4373,17.1036,14.4381,15.1045,146028015
2007-12-02,15.5488,16.4373,15.3266,16.4373,91798416
2007-12-03,17.77,17.9921,17.3258,17.9921,26140288
2007-12-04,19.7691,19.7691,18.8806,19.7691,46864065
2007-12-05,20.8798,21.5461,20.4355,21.5461,43337840
2007-12-08,22.8789,23.5453,19.7691,19.9913,98243728
2007-12-09,20.6576,21.9904,19.9913,21.9904,105424552
2007-12-10,22.4346,23.5453,22.2125,23.3231,79784267
2007-12-11,23.3231,23.5453,21.9904,22.2125,61756925
2007-12-12,21.9904,22.4346,20.8798,21.7683,30784936
2007-12-15,21.7683,23.101,21.5461,22.6568,37850499
2007-12-16,22.6568,23.9895,22.4346,23.7674,60689311
2007-12-17,23.9895,25.1001,23.3231,24.6559,64122396
2007-12-24,25.5444,27.0993,24.878,25.1001,75277778
2007-12-25,25.3223,25.9886,24.4338,25.1001,40567784
2007-12-26,25.1001,26.2108,24.878,26.2108,27874073
2007-12-29,25.9886,26.2108,24.878,25.1001,28541222
2007-12-30,25.1001,25.1001,23.5453,23.7674,24146866
2007-12-31,23.5453,24.2116,23.3231,23.7674,16275203
2008-01-01,23.5453,24.4338,23.3231,23.3231,15980586
2008-01-02,23.3231,23.7674,21.324,22.8789,28865643
2008-01-05,23.101,24.6559,23.101,24.4338,36473407
2008-01-06,24.4338,25.3223,23.7674,24.6559,42577066
2008-01-07,24.6559,24.6559,23.9895,24.4338,14440666
2008-01-08,24.2116,24.4338,23.7674,23.9895,11582423
2008-01-09,23.5453,24.2116,23.101,23.9895,19715099
2008-01-12,24.2116,25.3223,24.2116,25.1001,42770346
2008-01-13,25.3223,25.5444,24.6559,24.6559,23351488
2008-01-14,24.6559,25.9886,24.2116,25.7665,31742786
2008-01-15,25.5444,27.5435,25.3223,26.8771,73202498
2008-01-16,26.655,28.432,26.4329,26.655,79875197
2008-01-19,26.4329,27.3214,25.7665,25.9886,29685737
2008-01-20,25.5444,25.7665,23.5453,23.5453,27805846
2008-01-21,23.101,24.878,22.6568,24.2116,35040782
2008-01-22,23.5453,23.5453,21.9904,21.9904,12715016
2008-01-23,23.3231,23.9895,20.2134,21.5461,31553618
2008-01-26,21.7683,23.101,21.1019,22.6568,25375095
2008-01-27,22.8789,23.5453,21.9904,23.101,19192047
2008-01-28,23.101,23.3231,20.8798,22.2125,20193437
2008-01-29,22.2125,22.6568,21.5461,22.4346,16543488
2008-01-30,22.4346,23.101,21.9904,22.6568,23336669
2008-02-02,22.8789,23.3231,22.2125,22.4346,17918191
2008-02-03,22.4346,22.6568,21.9904,22.4346,7067351
2008-02-04,22.2125,22.4346,21.9904,22.2125,3777074
2008-02-05,22.4346,22.4346,21.9904,22.4346,6681964
2008-02-06,22.2125,22.2125,20.8798,21.324,10308336
2008-02-09,21.324,21.5461,19.7691,20.2134,7650722
2008-02-10,19.9913,20.6576,19.7691,20.4355,8442038
2008-02-11,20.4355,20.8798,20.2134,20.4355,5087947
2008-02-12,20.6576,21.9904,20.6576,21.9904,7549037
2008-02-13,21.9904,22.2125,21.5461,21.7683,5840343
2008-02-16,21.5461,21.9904,21.324,21.9904,6254101
2008-02-17,21.7683,22.2125,21.5461,21.7683,6545607
2008-02-18,21.9904,22.6568,21.5461,22.4346,15219306
2008-02-19,22.6568,22.6568,21.9904,22.2125,6414840
2008-02-20,21.9904,22.6568,21.9904,22.4346,9084836
2008-02-23,22.4346,23.3231,22.4346,23.101,14344816
2008-02-24,22.8789,23.3231,22.6568,22.8789,11239323
2008-02-25,22.6568,23.3231,22.6568,23.101,15999916
2008-02-26,23.3231,23.9895,23.101,23.3231,25701455
2008-02-27,23.3231,23.5453,22.6568,22.8789,10273434
2008-03-01,22.6568,23.3231,22.6568,23.3231,5806033
2008-03-02,23.101,23.3231,21.324,22.4346,7707156
2008-03-03,22.2125,22.4346,21.7683,21.9904,4769222
2008-03-04,22.2125,22.6568,22.2125,22.6568,4483599
2008-03-05,22.6568,22.8789,22.2125,22.6568,7041950
2008-03-08,22.4346,23.9895,22.2125,22.8789,15747910
2008-03-09,23.101,23.5453,22.6568,23.101,9868065
2008-03-10,23.101,23.7674,22.4346,23.5453,24224650
2008-03-11,23.7674,23.7674,23.101,23.3231,10241583
2008-03-12,23.3231,23.5453,22.4346,22.6568,17438036
2008-03-15,22.6568,22.8789,21.9904,22.2125,6528309
2008-03-16,21.9904,22.2125,21.7683,21.7683,5202519
2008-03-17,21.7683,21.9904,21.1019,21.324,5557300
2008-03-18,21.324,21.7683,21.1019,21.324,3882546
2008-03-19,21.7683,21.9904,21.324,21.7683,5965564
2008-03-22,21.5461,21.5461,20.8798,21.324,3693762
2008-03-23,21.324,21.324,20.8798,21.324,2526815
2008-03-24,21.1019,21.324,20.6576,21.1019,2228315
2008-03-25,21.324,21.5461,21.1019,21.5461,2889685
2008-03-26,21.324,21.5461,21.1019,21.1019,1313095
2008-03-29,21.1019,21.1019,20.4355,20.6576,2015416
2008-03-30,20.4355,21.1019,20.4355,20.8798,2001166
2008-03-31,20.8798,21.1019,20.6576,21.1019,1641470
2008-04-01,20.8798,21.1019,20.6576,20.8798,985595
2008-04-02,20.8798,21.5461,20.8798,21.324,6147070
2008-04-05,21.324,21.5461,21.1019,21.5461,6741961
2008-04-06,21.5461,21.7683,21.1019,21.324,4869559
2008-04-07,21.1019,21.5461,21.1019,21.5461,2848950
2008-04-08,21.324,21.7683,21.324,21.5461,5742032
2008-04-09,21.5461,21.5461,21.1019,21.324,2923261
2008-04-12,21.324,21.7683,21.324,21.7683,7609981
2008-04-13,21.5461,22.4346,21.5461,22.2125,14482464
2008-04-14,22.2125,22.4346,21.7683,21.9904,7610875
2008-04-15,21.9904,22.2125,21.5461,21.7683,4729920
2008-04-16,21.7683,22.4346,21.7683,22.2125,11389232
2008-04-19,22.2125,22.6568,21.9904,22.2125,7760710
2008-04-20,21.9904,22.8789,21.7683,22.8789,11592002
2008-04-21,22.8789,23.9895,22.6568,23.7674,23795259
2008-04-22,23.5453,23.7674,22.8789,23.101,7510559
2008-04-23,23.101,24.4338,23.101,24.2116,16219193
2008-04-26,24.2116,25.3223,23.5453,25.1001,17397501
2008-04-27,24.878,25.1001,22.6568,22.8789,41200144
2008-04-28,22.6568,23.101,22.2125,22.8789,12218355
2008-04-29,23.101,23.3231,22.4346,22.6568,8617123
2008-04-30,22.8789,23.101,22.6568,22.6568,5653978
2008-05-03,22.6568,22.8789,22.4346,22.4346,3943635
2008-05-04,22.6568,22.8789,22.4346,22.8789,2865892
2008-05-05,22.6568,22.8789,22.4346,22.4346,3736340
2008-05-06,22.4346,22.6568,21.7683,21.9904,5760437
2008-05-07,21.9904,21.9904,21.5461,21.5461,2628496
2008-05-10,21.324,22.2125,20.8798,21.5461,8908791
2008-05-11,21.7683,22.6568,21.7683,22.6568,5808236
2008-05-12,22.4346,22.6568,21.7683,21.9904,3806443
2008-05-13,21.9904,22.2125,21.5461,21.9904,1911779
2008-05-14,22.2125,22.2125,21.9904,21.9904,2289135
2008-05-17,21.9904,22.4346,21.9904,21.9904,1770112
2008-05-18,22.2125,22.2125,21.7683,21.9904,1145202
2008-05-19,22.2125,22.4346,21.9904,22.2125,3950011
2008-05-20,22.2125,22.4346,21.9904,21.9904,4222904
2008-05-21,22.2125,22.4346,21.9904,22.2125,2696977
2008-05-24,22.2125,22.8789,22.2125,22.4346,7463133
2008-05-25,22.4346,22.6568,22.2125,22.4346,4251193
2008-05-26,22.4346,22.8789,22.2125,22.6568,5833718
2008-05-27,22.6568,22.8789,22.2125,22.4346,3710020
2008-05-28,22.2125,22.8789,22.2125,22.6568,9152909
2008-05-31,22.6568,22.8789,22.2125,22.2125,3846975
2008-06-01,22.4346,22.6568,22.2125,22.6568,5865659
2008-06-02,22.4346,23.5453,22.4346,23.3231,26537368
2008-06-03,23.101,23.5453,22.8789,23.5453,8527380
2008-06-04,23.5453,23.9895,23.101,23.7674,18163933
2008-06-07,23.7674,24.6559,23.7674,23.9895,17675820
2008-06-08,23.9895,24.4338,23.3231,23.5453,13525554
2008-06-09,23.3231,23.7674,23.3231,23.5453,4224876
2008-06-10,23.5453,23.9895,23.5453,23.7674,8846732
2008-06-11,23.7674,23.7674,23.101,23.3231,5987880
2008-06-14,23.3231,23.5453,23.101,23.5453,3033471
2008-06-15,23.3231,23.5453,23.101,23.5453,2005882
2008-06-16,23.3231,23.7674,23.101,23.5453,3492429
2008-06-17,23.5453,23.9895,23.5453,23.9895,8004073
2008-06-18,24.2116,24.6559,23.7674,24.4338,9631103
2008-06-21,24.4338,24.878,23.9895,23.9895,9908147
2008-06-22,24.2116,25.1001,23.9895,24.4338,14354837
2008-06-23,24.6559,24.878,23.9895,24.6559,4789780
2008-06-24,24.4338,24.6559,23.7674,23.9895,13625010
2008-06-25,23.7674,23.9895,23.101,23.5453,4179502
2008-06-28,23.3231,23.5453,22.2125,23.5453,6120391
2008-06-29,23.101,23.3231,22.4346,23.101,4128839
2008-06-30,22.8789,23.101,22.4346,22.8789,2905990
2008-07-01,22.6568,23.3231,22.2125,23.3231,5594030
2008-07-02,23.101,23.5453,23.101,23.5453,1845675
2008-07-05,23.101,23.3231,22.8789,23.3231,2151466
2008-07-06,23.101,23.3231,22.8789,23.3231,2136795
2008-07-07,23.3231,23.3231,23.101,23.101,1509746
2008-07-08,22.8789,23.101,22.4346,22.6568,1236547
2008-07-09,22.4346,22.6568,21.9904,22.2125,1937994
2008-07-12,21.9904,22.2125,21.7683,22.2125,1536345
2008-07-13,22.2125,22.4346,21.9904,22.2125,1177221
2008-07-14,22.2125,22.6568,21.9904,22.2125,1611406
2008-07-15,22.2125,22.2125,21.5461,21.5461,2494561
2008-07-16,21.324,21.7683,20.6576,21.7683,1581172
2008-07-19,21.324,22.2125,21.324,21.7683,4476923
2008-07-20,21.9904,21.9904,21.1019,21.324,3187202
2008-07-21,21.324,21.5461,21.1019,21.324,1130120
2008-07-22,21.324,21.324,21.1019,21.1019,1410185
2008-07-23,21.1019,21.324,21.1019,21.324,1208936
2008-07-26,21.1019,21.324,20.6576,21.1019,4116340
2008-07-27,20.8798,21.1019,20.4355,20.6576,2787118
2008-07-28,20.6576,20.8798,20.4355,20.6576,1065516
2008-07-29,20.6576,20.6576,20.4355,20.6576,1190945
2008-07-30,20.6576,20.8798,20.6576,20.6576,726467
2008-08-02,20.4355,20.6576,20.2134,20.6576,1501757
2008-08-03,20.6576,20.8798,20.4355,20.6576,1085322
2008-08-04,20.4355,20.6576,20.2134,20.4355,1129913
2008-08-05,20.4355,20.4355,19.7691,20.4355,1606304
2008-08-06,20.4355,20.4355,19.9913,20.2134,1123837
2008-08-09,20.2134,20.2134,19.547,19.7691,1310078
2008-08-10,19.7691,19.7691,19.3249,19.7691,1451674
2008-08-11,19.7691,19.9913,19.3249,19.3249,1814637
2008-08-12,19.547,19.7691,19.3249,19.547,1383369
2008-08-13,19.547,19.547,19.1028,19.3249,1669899
2008-08-16,19.3249,19.9913,19.1028,19.7691,3394007
2008-08-17,19.7691,19.9913,19.547,19.7691,2899310
2008-08-18,19.547,19.9913,19.547,19.9913,1842871
2008-08-19,19.9913,20.2134,19.7691,19.9913,1756280
2008-08-20,19.7691,20.2134,19.7691,19.9913,1050788
2008-08-23,20.2134,20.8798,20.2134,20.6576,2878533
2008-08-24,20.6576,21.1019,20.4355,21.1019,2015675
2008-08-25,20.8798,21.1019,20.6576,21.1019,1513718
2008-08-26,20.8798,21.1019,20.6576,20.8798,1850455
2008-08-27,20.6576,21.1019,20.6576,20.8798,867646
2008-08-30,20.8798,20.8798,20.4355,20.8798,1132571
2008-08-31,20.8798,21.1019,20.6576,21.1019,1152641
2008-09-01,20.8798,21.1019,20.8798,21.1019,443840
2008-09-02,20.8798,20.8798,20.4355,20.6576,1546064
2008-09-03,20.6576,20.6576,20.2134,20.2134,838517
2008-09-06,19.9913,19.9913,18.2143,18.6585,2668732
2008-09-07,18.6585,19.547,18.6585,19.1028,2022705
2008-09-08,18.8806,19.9913,18.8806,19.7691,2708127
2008-09-09,19.7691,19.7691,18.6585,18.8806,2731553
2008-09-10,18.4364,20.6576,18.4364,20.6576,2416806
2008-09-13,20.2134,20.5688,19.3249,19.3249,1297811
2008-09-14,19.0583,19.4137,18.1698,19.2805,2404980
2008-09-15,19.236,19.236,17.3702,17.3702,2201565
2008-09-16,16.0374,17.8589,16.0374,17.77,1484652
2008-09-17,17.9477,18.7918,17.9477,18.6141,1677046
2008-09-20,19.4582,19.4582,18.6585,18.7918,1832671
2008-09-21,18.6585,18.7474,17.9477,18.5252,721885
2008-09-22,18.2587,18.6585,18.2143,18.4364,568172
2008-09-24,18.2143,18.2143,16.615,17.2369,1702754
2008-09-27,16.7482,16.9704,15.7709,16.8815,862338
2008-09-28,17.3258,18.2143,16.8815,17.77,4185933
2008-10-06,15.993,15.993,15.993,15.993,504192
2008-10-07,14.4826,15.2822,14.3937,14.5714,2183912
2008-10-08,13.7718,15.993,13.1498,15.5488,4143392
2008-10-11,13.9939,15.993,13.9939,14.6603,3636825
2008-10-12,14.6603,15.4155,13.1942,13.3275,10450139
2008-10-13,14.216,14.6603,13.9495,14.6603,7993436
2008-10-14,16.0819,16.1263,15.682,16.1263,7504887
2008-10-15,14.8824,15.5488,14.527,15.3711,5224204
2008-10-18,15.2378,15.4599,14.3937,14.3937,5204693
2008-10-19,14.4826,15.0601,14.2604,14.3493,1932205
2008-10-20,14.6603,15.1045,14.4826,15.0601,3730294
2008-10-21,15.3711,16.0819,15.1489,15.6376,4936922
2008-10-22,15.0601,15.5043,14.7491,14.7491,4479287
2008-10-25,13.7273,13.9495,13.2831,13.2831,6838548
2008-10-26,13.4164,13.9495,13.3719,13.9495,4599212
2008-10-27,13.905,14.3049,13.5941,13.6829,4375562
2008-10-28,13.905,15.0157,13.8606,14.9712,5919724
2008-10-29,15.5043,16.2151,15.4599,15.4599,5785731
2008-11-01,15.993,16.9704,15.8153,16.9704,6089168
2008-11-02,17.2369,17.9921,16.7038,17.459,6506290
2008-11-03,17.4146,17.8589,17.3702,17.459,2475158
2008-11-04,17.6367,18.0366,17.5479,17.5923,4102030
2008-11-05,17.8589,17.9033,17.4146,17.7256,4241998
2008-11-08,16.5705,17.1925,16.5705,16.7482,2992648
2008-11-09,16.3484,18.392,16.3484,18.2143,3135308
2008-11-10,17.8589,18.3031,17.8589,17.8589,2617629
2008-11-11,17.5923,17.5923,16.7927,16.8371,2057172
2008-11-12,16.615,16.7927,16.2151,16.615,5693857
2008-11-15,16.2596,16.3484,14.9712,14.9712,3559170
2008-11-16,14.9712,15.993,14.9712,15.993,2563425
2008-11-17,16.2151,16.6594,15.993,16.5261,2114630
2008-11-18,16.2151,16.9704,15.993,16.615,2892008
2008-11-19,16.5705,16.8371,16.4817,16.615,1473708
2008-11-22,16.4373,16.4373,15.5488,15.6376,1002454
2008-11-23,15.5488,16.1263,15.5488,15.7265,834706
2008-11-24,15.9486,16.4373,15.9042,16.2151,2041399
2008-11-25,16.4817,16.615,16.1263,16.1263,1402314
2008-11-26,15.993,16.304,15.993,16.2596,757450
2008-11-29,16.3928,17.8589,16.3928,17.8589,3749147
2008-11-30,18.2143,18.3031,16.8815,17.2369,3560091
2008-12-01,17.1481,17.1481,16.7038,16.8815,3619473
2008-12-02,16.1707,16.1707,15.3711,15.9042,1728125
2008-12-03,15.9486,16.1707,15.9486,16.0819,906605
2008-12-13,16.0819,16.7927,16.0819,16.7038,821790
2008-12-14,16.5261,16.7038,16.4373,16.6594,1060630
2008-12-15,16.6594,16.9704,16.615,16.9259,734082
2008-12-16,16.9704,17.8144,16.8815,17.3258,1902617
2008-12-17,17.3702,17.9921,17.3702,17.5035,1660480
2008-12-20,17.4146,17.4146,16.7927,17.0148,1069356
2008-12-21,17.0148,17.6812,16.9704,17.5479,727803
2008-12-22,17.5923,17.8144,17.2813,17.3258,1000190
2008-12-23,17.5035,17.9033,17.5035,17.7256,1756082
2008-12-24,17.6367,18.2143,17.459,17.77,1556029
2008-12-27,17.77,17.77,17.3702,17.3702,737799
2008-12-28,17.5479,17.9477,17.459,17.8589,3140847
2008-12-29,17.77,18.3475,17.77,18.2143,2085953
2008-12-30,18.1254,18.3475,18.081,18.081,1664142
2008-12-31,18.081,18.1698,17.9477,18.0366,1065277
2009-01-03,18.081,19.0583,18.0366,19.0583,2017249
2009-01-04,18.7474,18.9695,18.7029,18.7918,1194299
2009-01-05,18.7474,18.9251,18.6141,18.7029,1771000
2009-01-06,18.6585,18.8362,18.4808,18.7474,1069886
2009-01-07,18.5697,19.1916,18.5697,18.8362,2015361
2009-01-10,18.7474,18.8806,18.2587,18.7474,672621
2009-01-11,18.7029,18.9251,18.6141,18.6585,854836
2009-01-12,18.6585,18.6585,17.9921,18.4364,1622220
2009-01-13,18.2143,18.3031,17.9033,17.9477,1101318
2009-01-14,17.9033,18.0366,17.3258,17.6367,662565
2009-01-17,17.3258,17.77,16.8815,17.77,886876
2009-01-18,17.5479,17.77,17.4146,17.77,517528
2009-01-19,17.77,18.2143,17.7256,18.1254,549382
2009-01-20,17.77,17.77,17.0592,17.7256,1113812
2009-01-21,17.6812,18.081,17.5035,17.5923,1507281
2009-01-24,17.77,18.081,17.7256,17.9033,1267046
2009-01-25,17.9477,17.9477,17.8144,17.8144,1323915
2009-01-26,17.8144,17.9477,17.6812,17.6812,903721
2009-01-27,17.6812,17.9921,17.6367,17.6812,1462139
2009-01-28,17.6812,17.9033,17.6812,17.77,858696
2009-01-31,17.77,17.9477,17.77,17.9477,706691
2009-02-01,17.8589,17.9033,17.77,17.8589,362018
2009-02-02,17.77,17.8589,17.7256,17.7256,139725
2009-02-03,17.7256,17.8144,17.6812,17.6812,1272192
2009-02-04,17.7256,17.77,17.6367,17.6812,607766
2009-02-07,17.5923,17.77,17.5923,17.7256,1249467
2009-02-08,17.77,17.8589,17.7256,17.7256,1320702
2009-02-09,17.7256,17.77,17.6812,17.7256,414620
2009-02-10,17.7256,17.8144,17.6812,17.6812,1322271
2009-02-11,17.6367,17.6367,17.4146,17.5923,357386
2009-02-14,17.5035,17.6812,17.5035,17.6367,298277
2009-02-15,17.6812,17.7256,17.5923,17.5923,618070
2009-02-16,17.5923,17.6367,17.459,17.5479,723554
2009-02-17,17.5035,17.5479,16.2151,16.4373,879948
2009-02-18,16.2596,16.7038,16.2151,16.7038,373917
2009-02-21,16.615,16.615,16.3928,16.4817,254334
2009-02-22,16.4817,16.8815,16.4373,16.8371,226087
2009-02-23,16.7482,16.9704,16.7038,16.8371,987188
2009-02-24,16.7038,16.7482,16.5261,16.5705,843036
2009-02-25,16.5705,17.0148,16.5705,16.8815,422130
2009-02-28,16.2596,16.8815,16.2596,16.7482,718716
2009-03-01,16.6594,16.8815,16.6594,16.8815,508942
2009-03-02,16.7482,16.7927,16.4373,16.5705,262201
2009-03-03,15.993,16.2151,15.993,16.1707,397246
2009-03-04,16.0819,16.2596,16.0819,16.1707,176328
2009-03-07,16.0374,16.1707,15.9042,15.9042,545890
2009-03-08,15.7265,15.9042,15.4599,15.5043,442485
2009-03-09,15.2822,15.2822,14.9268,15.0601,824704
2009-03-10,14.9712,15.5488,14.9268,15.5488,316379
2009-03-11,15.6376,15.9042,15.4599,15.5932,300249
2009-03-14,15.7265,16.2151,15.6376,16.1707,492054
2009-03-15,16.1263,16.3484,16.0819,16.3484,182458
2009-03-16,16.2596,16.615,16.2596,16.4373,285240
2009-03-17,16.304,16.3484,16.2151,16.304,140576
2009-03-18,16.304,16.5261,16.304,16.3928,256315
2009-03-21,16.2596,17.3258,16.2596,17.2813,1109207
2009-03-22,17.1481,17.2369,16.8815,16.9259,678684
2009-03-23,17.0148,17.1925,16.8371,16.9704,771280
2009-03-24,17.3258,17.3258,17.1481,17.1481,613320
2009-03-25,16.9259,17.2369,16.9259,17.1481,202025
2009-03-28,17.1925,17.2813,17.0592,17.1481,623434
2009-03-29,17.1036,17.1036,16.8371,16.8371,980045
2009-03-30,16.615,16.6594,16.2596,16.5261,673282
2009-03-31,16.2151,16.5705,16.2151,16.5261,249559
2009-04-01,16.4817,16.6594,16.4817,16.615,300571
2009-04-04,16.7927,16.9704,16.7927,16.9259,539376
2009-04-05,16.8815,17.0148,16.8371,16.9704,818928
2009-04-06,16.8815,17.0148,16.8815,16.9704,642193
2009-04-07,16.8815,17.1481,16.5705,16.6594,2324568
2009-04-08,16.615,16.615,16.4373,16.5261,345856
2009-04-11,16.6594,16.8815,16.6594,16.7482,785636
2009-04-12,16.7927,16.7927,16.7038,16.7482,219193
2009-04-13,16.7482,16.7927,16.615,16.7038,915283
2009-04-14,16.7927,16.7927,16.6594,16.7482,728903
2009-04-15,16.7482,16.7927,16.6594,16.7482,595941
2009-04-18,16.8371,16.9259,16.7482,16.8815,1396679
2009-04-19,16.8815,16.8815,16.5261,16.5261,1297255
2009-04-20,16.5261,16.5261,16.304,16.3484,675340
2009-04-21,15.993,16.1707,15.5488,15.993,908865
2009-04-22,16.0819,16.1263,15.9486,16.0374,1251109
2009-04-25,16.1707,16.8815,16.1263,16.5261,1365889
2009-04-26,16.5261,16.615,16.3484,16.4817,702219
2009-04-27,16.4817,16.615,16.1707,16.3928,1004569
2009-04-28,16.2596,16.5261,16.2596,16.3928,840593
2009-04-29,16.4373,16.7927,16.3484,16.6594,2383625
2009-05-02,16.7927,16.8815,16.7038,16.7038,1785284
2009-05-03,16.615,16.7927,16.615,16.7038,550514
2009-05-04,16.7038,17.1925,16.6594,17.0148,3729606
2009-05-05,17.0592,17.0592,16.615,16.7038,3808279
2009-05-06,16.6594,16.7482,16.615,16.615,2467513
2009-05-09,16.7038,17.2369,16.6594,16.8815,5161310
2009-05-10,16.9704,17.0148,16.7482,16.8371,3297114
2009-05-11,16.8371,17.1925,16.6594,16.8815,5110662
2009-05-12,16.9259,17.6812,16.9259,17.4146,11498820
2009-05-13,17.4146,17.4146,17.0148,17.1481,3711464
2009-05-16,17.0148,17.1481,16.8815,16.9259,1752573
2009-05-17,16.8815,17.0592,16.8815,17.0592,1082487
2009-05-18,17.0148,17.0592,16.8815,17.0148,1911828
2009-05-19,17.0148,17.2369,17.0148,17.1481,3081725
2009-05-20,17.1925,17.3258,17.0148,17.1481,3295825
2009-05-23,17.0592,17.2369,17.0148,17.1925,1841260
2009-05-24,17.4146,17.9033,17.2369,17.6367,11976850
2009-05-25,17.7256,18.4808,17.4146,17.5479,13609467
2009-05-26,17.6812,17.77,16.8815,17.0592,4578511
2009-05-27,17.4146,17.4146,16.7482,16.9259,3603257
2009-05-30,17.0592,17.1481,16.9259,17.1036,2892307
2009-05-31,17.1481,17.1481,16.8815,16.9704,2688408
2009-06-01,17.0148,17.1036,16.9259,17.0592,2466426
2009-06-02,17.1481,17.3258,17.0148,17.1036,4313610
2009-06-03,17.1481,17.2369,17.0148,17.1481,2389392
2009-06-06,17.1925,17.1925,16.9704,17.0592,1966205
2009-06-07,16.9704,17.0148,16.8815,16.9704,1122555
2009-06-08,16.9704,16.9704,16.7927,16.7927,1523084
2009-06-09,16.7927,16.8371,16.615,16.7482,922701
2009-06-10,16.8371,16.9259,16.7927,16.7927,1118058
2009-06-13,16.8371,16.8815,16.7482,16.8371,1677550
2009-06-14,16.8371,17.1036,16.8371,16.9704,2875065
2009-06-15,16.9704,17.0592,16.8815,16.8815,2292743
2009-06-16,16.8371,17.459,16.7927,17.459,3360504
2009-06-17,17.2813,17.9033,17.2369,17.5479,5419661
2009-06-20,17.4146,17.5923,17.2813,17.459,1437587
2009-06-21,17.5923,17.5923,16.7038,16.8371,1913604
2009-06-22,16.8371,16.9259,16.615,16.7038,1206949
2009-06-23,16.5705,16.615,16.2596,16.615,875463
2009-06-24,16.6594,17.1481,16.6594,16.8815,1481525
2009-06-27,16.8815,17.0148,16.8815,16.9259,542888
2009-06-28,16.8815,16.8815,16.6594,16.8371,513479
2009-06-29,16.7038,16.8371,16.6594,16.7038,737372
2009-06-30,16.7927,16.8371,16.6594,16.7927,911937
2009-07-01,16.6594,17.5035,16.615,17.0148,4083222
2009-07-04,16.7927,16.8371,16.5261,16.7482,2453433
2009-07-05,16.6594,16.7927,16.6594,16.7927,813157
2009-07-06,16.7038,16.7927,16.4817,16.5261,2090989
2009-07-07,16.4817,16.7038,16.4817,16.5705,960678
2009-07-08,16.4817,16.5261,16.4373,16.4373,762405
2009-07-11,16.4373,16.5261,16.3928,16.5261,453449
2009-07-12,16.4817,16.5705,16.3484,16.5705,646289
2009-07-13,16.5261,16.5261,16.3928,16.5261,534859
2009-07-14,16.5261,16.6594,16.5261,16.5705,597241
2009-07-15,16.5705,16.7927,16.5705,16.7038,906094
2009-07-18,16.7038,16.7482,16.615,16.7038,2224663
2009-07-19,16.7038,16.7038,16.5705,16.615,1073655
2009-07-20,16.5705,16.7482,16.5705,16.7038,1145404
2009-07-21,16.7038,16.7038,16.615,16.7038,568795
2009-07-22,16.7482,16.7482,16.615,16.6594,722198
2009-07-25,16.7482,16.7927,16.615,16.7927,998808
2009-07-26,16.7927,16.9704,16.7038,16.9259,1127508
2009-07-27,16.9259,16.9704,16.8371,16.8371,1002434
2009-07-28,16.8815,16.9259,16.6594,16.7038,905447
2009-07-29,16.6594,16.7038,16.5705,16.6594,630481
2009-08-01,16.7038,16.7927,16.6594,16.6594,604489
2009-08-02,16.615,16.7038,16.5705,16.6594,795982
2009-08-03,16.6594,16.7927,16.615,16.7927,987193
2009-08-04,16.7927,17.0148,16.7927,17.0148,1782946
2009-08-05,16.8815,16.9259,16.7927,16.8815,1849228
2009-08-08,16.8815,16.8815,16.6594,16.8371,1937980
2009-08-09,16.7927,16.9259,16.7927,16.9259,808414
2009-08-10,16.9259,16.9704,16.8815,16.9704,617759
2009-08-11,16.9259,17.0148,16.8371,16.8815,1733692
2009-08-12,16.8371,16.9259,16.7927,16.9259,392504
2009-08-15,16.8815,16.8815,16.7927,16.8371,407964
2009-08-16,16.8815,16.9259,16.8371,16.8815,307207
2009-08-17,16.8371,16.8371,16.4373,16.5705,1301055
2009-08-18,16.5261,16.7482,16.5261,16.6594,630726
2009-08-19,16.615,16.6594,16.2151,16.304,1133549
2009-08-22,16.4817,16.615,16.4817,16.5705,362086
2009-08-23,16.2596,16.5261,15.993,16.4373,856264
2009-08-24,16.4817,16.5261,16.4373,16.4817,356865
2009-08-25,16.4373,16.4817,16.3484,16.4373,282370
2009-08-26,16.4373,16.4373,16.3484,16.4373,162843
2009-08-29,16.3928,16.5261,16.2596,16.4373,386454
2009-08-30,16.3484,16.4373,16.304,16.3928,210910
2009-08-31,16.3928,16.3928,16.1707,16.304,187376
2009-09-01,16.304,16.9704,16.2596,16.9259,1826425
2009-09-02,16.8815,16.8815,16.6594,16.7927,812237
2009-09-05,16.7927,16.8815,16.7927,16.7927,312926
2009-09-06,16.8371,16.9259,16.6594,16.9259,285806
2009-09-07,16.8815,16.8815,16.7038,16.7482,632624
2009-09-08,16.7482,16.7927,16.7482,16.7927,594213
2009-09-09,16.7927,16.8371,16.7482,16.7927,312149
2009-09-12,16.8371,16.9259,16.7927,16.8815,482392
2009-09-13,16.8815,16.9259,16.8371,16.8371,372123
2009-09-14,16.8371,16.8371,16.7927,16.8371,230307
2009-09-15,16.8371,16.8815,16.7927,16.8371,467566
2009-09-16,16.8815,16.9704,16.8371,16.9704,726837
2009-09-26,17.0148,17.3258,16.9704,17.0148,753329
2009-09-27,17.0592,18.7029,17.0148,18.4364,4473274
2009-09-28,18.1698,18.3475,17.9921,18.1254,1319021
2009-09-29,18.1254,18.2143,18.0366,18.081,331049
2009-09-30,18.081,18.1698,17.9921,18.1698,351718
2009-10-03,17.9477,17.9921,17.77,17.9477,442867
2009-10-04,18.081,19.2805,18.0366,18.6141,3274371
2009-10-05,18.7918,19.1916,18.6585,18.6585,1680783
2009-10-06,18.7918,18.8362,18.7029,18.7474,666998
2009-10-07,18.7474,18.7918,18.1698,18.3031,1493971
2009-10-10,18.3031,18.4364,18.1254,18.392,832460
2009-10-11,18.3475,18.6141,18.0366,18.1254,1528976
2009-10-12,18.1254,18.1698,17.9921,18.0366,753093
2009-10-13,18.0366,18.2143,17.8589,17.9477,1219688
2009-10-14,17.9033,18.0366,17.9033,17.9921,528735
2009-10-17,17.9921,18.0366,17.77,17.8144,1278994
2009-10-18,17.77,17.8589,17.6367,17.6367,898851
2009-10-19,17.6812,17.9033,17.5923,17.77,2127856
2009-10-20,17.7256,17.77,17.5035,17.5923,2410794
2009-10-21,17.5923,17.6367,17.5479,17.5923,506903
2009-10-24,18.3031,18.392,17.77,17.9921,3689642
2009-10-25,17.9477,17.9477,17.4146,17.5035,3163429
2009-10-26,17.459,17.5923,17.4146,17.5923,1727821
2009-10-27,17.5479,17.5479,17.3702,17.4146,1529922
2009-10-28,17.459,17.459,17.0592,17.0592,1711884
2009-10-31,16.8371,16.9259,16.7038,16.7482,1206999
2009-11-01,16.7482,16.8815,16.7482,16.8371,681349
2009-11-02,16.8815,17.0148,16.7482,16.9259,900832
2009-11-03,16.9259,16.9259,16.8371,16.8815,828271
2009-11-04,16.9259,17.1481,16.8371,16.9704,2406817
2009-11-07,17.0592,17.0592,16.9704,17.0148,1068666
2009-11-08,17.0148,17.0592,16.7927,16.8371,1116833
2009-11-09,16.7927,16.9259,16.7927,16.9259,1016324
2009-11-10,16.9259,17.0148,16.7927,16.7927,858726
2009-11-11,16.7927,16.8371,16.7038,16.8371,324232
2009-11-14,16.8815,17.1036,16.8371,16.9259,609777
2009-11-15,16.9259,16.9704,16.8371,16.9259,617208
2009-11-16,16.9259,16.9704,16.8371,16.8815,656168
2009-11-17,16.9259,16.9259,16.7927,16.8371,568719
2009-11-18,16.7927,16.8371,16.7482,16.7927,260135
2009-11-21,16.7482,16.8815,16.7482,16.8371,930665
2009-11-22,16.8815,16.8815,16.7927,16.8371,444648
2009-11-23,16.8371,16.8815,16.7927,16.7927,558621
2009-11-24,16.7927,16.8371,16.6594,16.7482,876899
2009-11-25,16.7482,16.7927,16.7038,16.7482,572420
2009-12-05,16.4373,16.6594,16.4373,16.615,473901
2009-12-06,16.615,16.7038,16.615,16.6594,284268
2009-12-07,16.6594,16.6594,16.5705,16.6594,422534
2009-12-08,16.5705,16.6594,16.5261,16.6594,442314
2009-12-09,16.615,16.6594,16.4373,16.5261,730169
2009-12-12,16.6594,16.7927,16.615,16.7038,557056
2009-12-13,16.7038,16.8371,16.6594,16.7482,466422
2009-12-14,16.8371,16.9259,16.8371,16.8815,572997
2009-12-15,16.8371,16.8815,16.8371,16.8371,410214
2009-12-16,16.7927,16.8371,16.7482,16.7927,593624
2009-12-19,16.7927,16.8371,16.7482,16.8371,356715
2009-12-20,16.7927,16.8371,16.7038,16.7482,882462
2009-12-21,16.7038,16.7927,16.7038,16.7927,464140
2009-12-22,16.7927,16.8371,16.7482,16.8371,301936
2009-12-23,16.7927,16.9704,16.7927,16.8815,462810
2009-12-26,16.8371,16.9259,16.8371,16.9259,339734
2009-12-27,16.8371,17.0592,16.8371,17.0148,799828
2009-12-28,17.0148,17.1481,16.9704,17.0148,976191
2009-12-29,17.0592,17.0592,16.7038,16.8371,738565
2009-12-30,16.7927,16.8815,16.7038,16.7482,430791
2010-01-02,16.7482,16.8371,16.5705,16.7038,660929
2010-01-03,16.615,16.6594,16.5261,16.5705,305789
2010-01-04,16.5705,16.7038,16.5705,16.6594,374896
2010-01-05,16.6594,16.7038,16.615,16.615,484489
2010-01-06,16.6594,16.6594,16.5705,16.615,246181
2010-01-09,16.615,16.6594,16.5705,16.615,543290
2010-01-10,16.615,16.7038,16.5705,16.5705,458505
2010-01-11,16.5705,16.615,16.5261,16.5705,302110
2010-01-12,16.5705,16.615,16.5261,16.615,345459
2010-01-13,16.5705,16.7038,16.5261,16.6594,449017
2010-01-16,16.6594,16.8371,16.6594,16.7038,1202679
2010-01-17,16.7038,17.0148,16.7038,16.8371,1065062
2010-01-18,16.8371,16.8815,16.6594,16.7038,926008
2010-01-19,16.7482,16.8371,16.7482,16.7482,884303
2010-01-20,16.7482,16.8371,16.7038,16.7927,428490
2010-01-23,16.6594,16.7038,16.615,16.6594,998039
2010-01-24,16.6594,16.7038,16.615,16.615,753203
2010-01-25,16.6594,16.7038,16.6594,16.6594,401043
2010-01-26,16.6594,16.7482,16.615,16.7038,876132
2010-01-27,16.6594,16.7927,16.6594,16.7927,530910
2010-01-30,16.7038,16.7038,16.5705,16.6594,603049
2010-01-31,16.615,17.3258,16.615,17.1481,1884928
2010-02-01,17.0592,17.1481,16.9704,17.1036,1044028
2010-02-02,17.0148,17.0148,16.8815,16.8815,703017
2010-02-03,16.8815,16.9704,16.8815,16.8815,350410
2010-02-06,16.7927,17.0592,16.6594,16.9704,1976466
2010-02-07,16.8815,16.9704,16.8371,16.9704,383472
2010-02-08,16.8815,16.9704,16.8371,16.8815,322833
2010-02-09,16.8371,17.2369,16.7927,17.1925,1048365
2010-02-10,17.1036,18.8806,17.0592,18.8806,2045629
2010-02-13,18.8806,18.9695,17.6812,17.7256,5374539
2010-02-14,17.6812,17.7256,17.1036,17.1036,3667755
2010-02-15,17.1481,17.9921,17.1481,17.77,4028005
2010-02-16,17.6367,18.8362,17.5923,18.4808,6749688
2010-02-17,18.3031,19.1916,18.3031,18.6141,4154088
2010-02-20,18.7474,18.8362,18.5697,18.6141,963873
2010-02-21,18.6141,18.8362,18.4364,18.5697,1784040
2010-02-22,18.5697,18.7029,18.4364,18.4808,1031180
2010-02-23,18.4364,18.5252,18.2587,18.2587,1179600
2010-02-24,18.2143,18.7029,18.1698,18.5252,2141982
2010-02-27,18.5252,18.9695,18.4808,18.9251,4363224
2010-02-28,18.9695,19.1472,18.7474,18.8806,3726468
2010-03-01,18.8362,18.9251,18.7029,18.7474,1911595
2010-03-02,18.7918,18.8806,18.5252,18.5697,1879011
2010-03-03,18.6141,18.6141,17.9921,18.0366,3112895
2010-03-06,18.081,18.3031,18.0366,18.1254,2692482
2010-03-07,18.1698,18.1698,17.5035,17.5479,3799017
2010-03-08,17.5035,17.6367,17.4146,17.5923,2249480
2010-03-09,17.5923,17.6367,17.5035,17.5479,1118958
2010-03-10,17.5479,17.6367,17.4146,17.459,1784787
2010-03-13,17.5035,17.5479,17.4146,17.5035,2132712
2010-03-14,17.459,17.6367,17.4146,17.5923,1920963
2010-03-15,17.6367,17.6812,17.5479,17.5923,2322458
2010-03-16,17.5923,17.9921,17.5479,17.8589,3746313
2010-03-17,17.9033,17.9033,17.5923,17.6367,1822912
2010-03-20,17.6367,17.7256,17.5923,17.6367,1258489
2010-03-21,17.6367,17.8589,17.6367,17.77,3150660
2010-03-22,17.7256,17.8144,17.6812,17.6812,990154
2010-03-23,17.6812,17.8589,17.5923,17.8144,1571764
2010-03-24,17.8144,17.8144,17.7256,17.77,680083
2010-03-27,17.77,17.77,17.6812,17.7256,845798
2010-03-28,17.6812,17.7256,17.6367,17.6812,780763
2010-03-29,17.6367,17.9033,17.6367,17.8144,2934654
2010-03-30,17.8144,17.8589,17.7256,17.8144,1779588
2010-03-31,17.77,17.8589,17.7256,17.8144,1082983
2010-04-03,17.8589,17.9477,17.77,17.8589,2459556
2010-04-04,17.8144,17.8589,17.77,17.8144,995136
2010-04-05,17.8144,17.8589,17.77,17.8144,1194955
2010-04-06,17.77,17.9033,17.77,17.8589,1309770
2010-04-07,17.77,17.8589,17.77,17.8589,923509
2010-04-10,17.8589,17.9921,17.8589,17.9477,1963855
2010-04-11,17.9477,17.9921,17.9033,17.9477,1699340
2010-04-12,17.9033,18.0366,17.77,17.77,4139153
2010-04-13,17.77,17.8144,17.7256,17.8144,1810087
2010-04-14,17.77,17.77,17.6812,17.6812,1231753
2010-04-17,17.6367,17.77,17.5923,17.7256,815922
2010-04-18,17.6367,17.8144,17.5923,17.8144,973944
2010-04-19,17.77,17.77,17.6367,17.7256,1467440
2010-04-20,17.6812,17.7256,17.5923,17.6812,2767212
2010-04-21,17.6812,17.7256,17.5923,17.5923,877421
2010-04-24,17.6367,17.77,17.5035,17.5479,4575166
2010-04-25,17.5479,17.5923,17.5035,17.5479,1382591
2010-04-26,17.5923,17.6367,17.5035,17.5479,1039922
2010-04-27,17.5479,17.5923,17.5035,17.5923,547621
2010-04-28,17.4146,17.5035,17.3702,17.5035,822604
2010-05-01,17.5035,17.5479,17.4146,17.5035,1141448
2010-05-02,17.5035,17.6367,17.5035,17.5923,1732918
2010-05-03,17.5923,17.9033,17.5479,17.8589,4180601
2010-05-04,17.8589,17.8589,17.7256,17.7256,1426578
2010-05-05,17.5923,17.6812,17.5035,17.6367,1077765
2010-05-08,17.459,17.5035,17.1036,17.2369,3454241
2010-05-09,17.3258,17.4146,17.1036,17.3702,1691021
2010-05-10,17.3702,17.6367,17.3702,17.5923,2125897
2010-05-11,17.5479,17.9477,17.5035,17.5923,5252072
2010-05-12,17.6812,17.77,17.5479,17.6812,1844058
2010-05-15,17.5479,17.6812,17.459,17.6367,1134906
2010-05-16,17.6812,17.6812,17.459,17.5479,1214564
2010-05-17,17.5035,17.6812,17.4146,17.5923,1269465
2010-05-18,17.6367,17.6367,17.4146,17.5479,1743913
2010-05-19,17.459,17.459,17.2813,17.3258,1209086
2010-05-22,17.0592,17.1925,16.7038,16.8815,1995537
2010-05-23,16.9704,17.0148,16.7927,16.8815,1132401
2010-05-24,16.9704,16.9704,16.615,16.615,1428383
2010-05-25,16.4817,16.4817,15.3711,15.3711,1883931
2010-05-26,15.682,15.9486,15.5488,15.8597,1216567
2010-05-29,15.993,16.3484,15.993,16.0374,3299979
2010-05-30,16.0819,16.0819,15.6376,15.8153,1465995
2010-05-31,15.8153,15.9042,15.7709,15.8153,539626
2010-06-01,15.8153,16.1263,15.7709,15.8153,1134928
2010-06-02,15.7709,15.9042,15.7709,15.8153,617406
2010-06-05,15.7265,15.7709,15.5043,15.7709,518988
2010-06-06,15.8153,15.9042,15.7709,15.8153,517486
2010-06-07,15.7709,15.9042,15.7265,15.8153,1086667
2010-06-08,15.8153,15.9042,15.7709,15.8597,551539
2010-06-09,15.8597,15.993,15.8153,15.9486,614101
2010-06-12,16.0819,16.2596,16.0374,16.1263,1099860
2010-06-13,16.1263,16.1263,15.9042,15.9486,794430
2010-06-14,15.9486,16.0374,15.9486,16.0374,470836
2010-06-15,15.993,16.2151,15.993,16.1707,756356
2010-06-16,16.1707,16.3484,16.0819,16.1263,787690
2010-06-19,16.1707,16.2151,16.0819,16.1263,630128
2010-06-20,16.0819,16.0819,16.0374,16.0819,586389
2010-06-21,16.0819,16.2151,16.0374,16.2151,7e+05
2010-06-22,16.1263,16.2151,16.0374,16.1707,424066
2010-06-23,16.1263,16.2151,16.0819,16.2151,497637
2010-06-26,16.1263,16.8815,16.0819,16.7038,1129390
2010-06-27,16.615,17.0592,16.4373,16.7482,1363681
2010-06-28,16.7927,17.1036,16.7482,16.8815,1655149
2010-06-29,16.7927,16.8371,16.3484,16.3484,659082
2010-06-30,16.2151,16.3484,16.1707,16.2596,369407
2010-07-03,16.1707,16.304,16.1707,16.304,326469
2010-07-04,16.3484,16.4373,16.1707,16.2596,382391
2010-07-05,16.2596,16.4373,16.2151,16.304,204421
2010-07-06,16.3484,16.7038,16.3484,16.5705,670626
2010-07-07,16.4817,16.7038,16.3484,16.3484,641891
2010-07-10,16.6594,16.6594,16.4373,16.4817,563809
2010-07-11,16.5261,16.5705,16.3928,16.4817,252492
2010-07-12,16.4373,16.4373,16.304,16.3484,157011
2010-07-13,16.3484,16.3484,16.2151,16.3484,525337
2010-07-14,16.304,16.4373,16.1263,16.3928,553853
2010-07-17,16.1263,16.2151,16.0819,16.1707,186802
2010-07-18,16.1263,16.1263,16.0374,16.0819,344401
2010-07-19,16.0374,16.1263,16.0374,16.1263,99767
2010-07-20,16.1263,16.1707,16.0819,16.1707,224099
2010-07-21,16.1263,16.2596,16.0819,16.1707,217289
2010-07-24,16.2596,16.2596,15.9486,16.0374,699246
2010-07-25,16.0374,16.0819,15.993,16.0374,190386
2010-07-26,16.0374,16.1263,16.0374,16.0374,317203
2010-07-27,16.0819,16.3484,16.0819,16.1707,603283
2010-07-28,16.1707,16.2151,16.1263,16.1707,131404
2010-07-31,16.1707,16.2596,16.1263,16.2151,336218
2010-08-01,16.2151,16.2596,16.1263,16.2596,223941
2010-08-02,16.2596,16.2596,16.1707,16.2596,239604
2010-08-03,16.2596,16.304,16.2151,16.2596,382002
2010-08-04,16.2151,16.2151,16.1263,16.1707,270966
2010-08-07,16.0819,16.2151,16.0819,16.1707,288348
2010-08-08,16.1707,16.304,16.1263,16.2151,285203
2010-08-09,16.2596,16.304,16.1707,16.304,273181
2010-08-10,16.2151,16.304,16.1707,16.1707,256939
2010-08-11,16.1263,16.1707,16.0374,16.1707,243093
2010-08-14,16.0819,16.0819,15.993,16.0374,328145
2010-08-15,16.0374,16.0819,16.0374,16.0374,188086
2010-08-16,16.0819,16.1707,16.0819,16.1707,421106
2010-08-17,16.0819,16.1263,16.0819,16.0819,246841
2010-08-18,16.1263,16.1263,16.0374,16.0819,407495
2010-08-21,16.0374,16.1263,15.993,16.1263,240803
2010-08-22,16.1263,16.1707,16.0374,16.1707,312605
2010-08-23,16.2151,16.6594,16.1707,16.3928,874307
2010-08-24,16.304,16.304,16.0819,16.1263,448631
2010-08-25,16.0374,16.1263,16.0374,16.0819,366664
2010-08-28,16.1263,16.304,16.1263,16.2596,697771
2010-08-29,16.1707,16.2151,16.1263,16.2151,197793
2010-08-30,16.1707,16.1707,16.0819,16.1707,340877
2010-08-31,16.0819,16.1707,16.0819,16.1707,150448
2010-09-01,16.1263,16.2151,16.0819,16.2151,386715
2010-09-04,16.2151,16.3928,16.2151,16.3484,280714
2010-09-05,16.304,16.304,16.2151,16.2596,183445
2010-09-06,16.3484,16.3928,16.2151,16.2596,311674
2010-09-14,16.304,16.3484,16.2151,16.2596,143065
2010-09-15,16.2596,16.304,16.2151,16.2596,167106
2010-09-18,16.304,16.304,16.2151,16.2596,160580
2010-09-19,16.2596,16.2596,16.0374,16.2151,1076821
2010-09-20,16.1707,16.2596,16.1707,16.2596,205826
2010-09-21,16.1707,16.2596,16.1707,16.2151,253217
2010-09-25,16.2151,16.2596,16.0374,16.1707,697036
2010-09-26,16.2151,16.2151,16.0819,16.1707,790760
2010-09-27,16.2151,16.2151,16.1263,16.1263,476647
2010-09-28,16.1263,16.1263,16.0819,16.1263,382381
2010-09-29,16.1263,16.1263,16.0374,16.1263,692584
2010-10-02,16.0819,16.1263,16.0374,16.0819,481639
2010-10-03,16.0819,16.1263,16.0374,16.0819,451843
2010-10-04,16.0819,16.1263,16.0374,16.0819,353805
2010-10-05,16.0374,16.0819,15.6376,15.682,1229517
2010-10-06,15.7709,15.7709,15.5932,15.682,806641
2010-10-09,15.6376,15.682,15.4599,15.5043,478115
2010-10-10,15.4599,15.5043,15.1489,15.2822,1104813
2010-10-11,15.3711,15.3711,15.1934,15.3266,301423
2010-10-12,15.2822,15.3266,15.1934,15.3266,237936
2010-10-13,15.1934,15.2822,15.1934,15.1934,163516
2010-10-16,15.1934,15.2822,15.0601,15.0601,1104669
2010-10-17,15.0601,15.0601,14.7491,14.838,1101838
2010-10-18,14.7047,14.7491,14.4826,14.527,760034
2010-10-19,14.527,14.7935,14.527,14.6603,372760
2010-10-20,14.527,14.6158,14.527,14.6158,303211
2010-10-23,14.3937,14.3937,14.0383,14.3049,981944
2010-10-24,14.3493,14.4826,14.216,14.3493,662585
2010-10-25,14.3493,14.9268,14.1716,14.838,711845
2010-10-26,14.838,15.1045,14.6603,15.0157,984378
2010-10-27,14.9268,15.5488,14.838,15.2378,1798522
2010-10-30,15.1489,15.2378,15.1045,15.2378,246360
2010-10-31,15.2378,15.3266,15.1045,15.1489,477786
2010-11-01,15.1045,15.1934,15.0157,15.0601,340993
2010-11-02,15.0157,15.0157,14.6603,14.6603,1432218
2010-11-03,14.7047,14.7935,14.6158,14.7491,848150
2010-11-06,14.7935,14.838,14.6158,14.7047,534632
2010-11-07,14.6603,14.6603,14.4826,14.527,631178
2010-11-08,14.4826,14.6158,14.4381,14.4826,299412
2010-11-09,14.4381,14.7491,14.4381,14.6158,765996
2010-11-10,14.7047,14.7047,14.3937,14.4381,602899
2010-11-20,14.3937,14.4826,14.3493,14.3937,293577
2010-11-21,14.3937,14.4826,14.3493,14.4826,254861
2010-11-22,14.3937,14.5714,14.3493,14.3937,459838
2010-11-23,14.3493,14.3937,14.3049,14.3493,251149
2010-11-24,14.3049,14.4381,14.3049,14.3493,379804
2010-11-27,14.3493,14.3937,14.3049,14.3049,200194
2010-11-28,14.3049,14.3493,14.216,14.2604,502103
2010-11-29,14.3049,14.3049,14.2604,14.3049,307774
2010-11-30,14.2604,14.3049,14.216,14.216,242335
2010-12-01,14.216,14.3049,14.216,14.2604,234940
2010-12-04,14.3049,14.3493,14.2604,14.3049,137673
2010-12-05,14.3049,14.3937,14.1716,14.216,1072571
2010-12-06,14.216,14.3049,14.1716,14.2604,384673
2010-12-07,14.2604,14.3937,14.1716,14.3493,764774
2010-12-08,14.3049,14.3049,14.1716,14.3049,2082578
2010-12-11,14.216,14.3493,14.216,14.2604,1030868
2010-12-12,14.2604,14.2604,14.1716,14.2604,626855
2010-12-13,14.216,14.2604,14.216,14.2604,413459
2010-12-14,14.2604,14.3493,14.216,14.3049,937740
2010-12-15,14.3049,14.3493,14.216,14.3049,475510
2010-12-18,14.3049,15.7265,14.3049,15.7265,3489919
2010-12-19,16.4373,16.7482,15.3711,15.4599,7286559
2010-12-20,15.4155,16.1263,15.2822,15.6376,2766745
2010-12-21,15.8153,15.9486,15.7709,15.7709,943612
2010-12-22,15.8597,15.8597,15.5488,15.7265,665183
2010-12-25,15.7265,15.7265,15.4599,15.5488,488323
2010-12-26,15.5043,15.5932,15.3711,15.5043,375757
2010-12-27,15.3266,15.3711,15.1489,15.1489,534275
2010-12-28,15.3711,15.9042,15.3711,15.5043,1676423
2010-12-29,15.5043,15.5043,15.3711,15.4599,446806
2011-01-01,15.4599,15.5043,15.3266,15.3711,303706
2011-01-02,15.3711,15.6376,15.3266,15.4155,550259
2011-01-03,15.4599,15.4599,15.3266,15.3711,592295
2011-01-04,15.3711,15.4155,15.3266,15.4155,449254
2011-01-05,15.3711,15.4155,15.1489,15.2822,1020918
2011-01-08,15.3711,15.4155,15.2822,15.3711,281603
2011-01-09,15.3266,15.4155,15.3266,15.3711,622964
2011-01-10,15.3266,15.3711,15.1489,15.3266,748988
2011-01-11,15.2822,15.2822,15.1934,15.2378,1159659
2011-01-12,15.2378,15.3266,15.1934,15.2822,1383699
2011-01-15,15.2822,15.3266,15.1045,15.2378,1968850
2011-01-16,15.1934,15.2822,15.1489,15.2822,543681
2011-01-17,15.2378,15.2822,15.1489,15.2378,336887
2011-01-18,15.2822,15.2822,15.1045,15.1934,629936
2011-01-19,15.1934,15.1934,15.0601,15.1045,603191
2011-01-22,15.0601,15.1045,14.9712,15.0157,701042
2011-01-23,15.0601,15.0601,14.9712,15.0157,312967
2011-01-24,15.0157,15.1045,14.9712,14.9712,614771
2011-01-25,14.8824,15.0157,14.7935,14.8824,887773
2011-01-26,14.9268,14.9268,14.7491,14.838,595974
2011-01-29,14.6603,14.7047,14.0383,14.0827,1143361
2011-01-30,13.9939,14.4826,13.9939,14.3937,633556
2011-01-31,14.3493,14.3493,14.216,14.3049,584984
2011-02-01,14.2604,14.3937,14.2604,14.2604,265684
2011-02-02,14.3937,14.4826,14.3937,14.4381,466498
2011-02-05,14.527,14.6158,14.0827,14.3049,3073288
2011-02-06,14.3493,14.4381,14.3493,14.3493,578768
2011-02-07,14.3937,14.4826,14.2604,14.4381,921852
2011-02-08,14.3937,14.4826,14.3493,14.4381,597137
2011-02-09,14.4381,14.4381,14.3493,14.3937,385208
2011-02-12,14.4381,14.5714,14.3937,14.4381,757481
2011-02-13,14.4826,14.527,14.4381,14.4826,564289
2011-02-14,14.4381,14.4826,14.3937,14.4826,488849
2011-02-15,14.4826,14.5714,14.4381,14.4381,564617
2011-02-16,14.4826,14.527,14.3049,14.3493,1694531
2011-02-19,14.3937,14.3937,14.1716,14.216,779701
2011-02-20,14.216,14.4381,14.1716,14.3049,893743
2011-02-21,14.3049,14.4826,14.2604,14.3049,511650
2011-02-22,14.3049,14.3937,14.216,14.2604,721456
2011-02-23,14.3049,14.3937,14.2604,14.2604,389541
2011-02-27,14.3049,14.3049,13.7718,13.7718,840014
2011-02-28,13.7718,13.7718,13.5941,13.6385,514157
2011-03-01,13.7273,13.7718,12.5279,12.7056,1395683
2011-03-02,11.9948,12.2169,11.4617,12.2169,2239367
2011-03-05,12.2169,12.8833,11.9948,12.6611,1799949
2011-03-06,12.7056,12.75,12.1725,12.2613,784631
2011-03-07,12.439,12.75,12.2613,12.2613,831381
2011-03-08,12.3502,12.6611,12.2613,12.3946,1068793
2011-03-09,12.5723,13.2831,12.5279,12.6167,1489943
2011-03-12,12.6611,13.1054,12.6611,12.9721,959697
2011-03-13,13.0165,13.4608,13.0165,13.3275,1040925
2011-03-14,13.2831,13.5496,13.1498,13.4164,756688
2011-03-15,13.2831,13.2831,12.9277,13.061,387015
2011-03-16,13.1054,13.2387,13.061,13.1498,536916
2011-03-20,13.5052,13.7718,13.3719,13.4164,1081622
2011-03-21,13.5052,13.5052,13.3275,13.4164,512703
2011-03-22,13.4164,13.4608,13.2831,13.2831,724582
2011-03-23,13.2387,13.2831,13.1498,13.2387,326905
2011-03-26,13.2831,13.4608,13.2831,13.4164,1949092
2011-03-27,13.4608,13.7273,13.4164,13.5941,1692164
2011-03-28,13.5941,13.905,13.5496,13.8606,2301510
2011-03-29,13.8606,13.9939,13.7273,13.7273,1585348
2011-03-30,13.7273,13.7718,13.5496,13.5496,1192708
2011-04-02,13.6385,13.6829,13.5941,13.5941,802542
2011-04-03,13.5941,14.0383,13.3719,14.0383,1571006
2011-04-04,13.9939,13.9939,13.5941,13.7273,958897
2011-04-05,13.7718,13.7718,13.5496,13.6385,1611367
2011-04-06,13.5496,13.6829,13.5496,13.6829,202651
2011-04-09,13.6385,13.7718,13.6385,13.6829,441013
2011-04-10,13.6829,13.7273,13.6385,13.6385,481074
2011-04-11,13.6829,13.7718,13.5941,13.7273,639670
2011-04-12,13.7273,13.8162,13.6385,13.7718,687799
2011-04-13,13.7718,13.7718,13.6385,13.7718,396063
2011-04-16,13.7273,13.7718,13.6829,13.6829,219003
2011-04-17,13.7273,13.7718,13.5941,13.6385,399803
2011-04-18,13.6385,13.6385,13.5052,13.5496,319815
2011-04-19,13.5496,13.6829,13.3719,13.4164,792862
2011-04-20,13.4608,13.5941,13.4164,13.5052,371905
2011-04-23,13.5941,13.9495,13.5496,13.7718,1635899
2011-04-24,13.7718,13.9939,13.7273,13.8162,1567607
2011-04-25,14.1272,14.527,14.1272,14.3049,5555822
2011-04-26,14.3049,14.3493,14.1716,14.2604,1511870
2011-04-27,14.2604,14.3493,14.1716,14.216,1545875
2011-04-30,14.2604,14.3493,14.1716,14.216,1271593
2011-05-01,14.216,14.2604,14.1272,14.216,795622
2011-05-02,14.2604,14.3049,14.1272,14.1716,1545151
2011-05-03,14.216,14.216,14.0827,14.1272,717872
2011-05-04,14.0827,14.1272,13.9495,14.0827,644945
2011-05-07,13.9495,14.2604,13.905,14.1716,1373182
2011-05-08,14.216,14.2604,14.1272,14.216,1256213
2011-05-09,14.2604,14.5714,14.1716,14.2604,2828255
2011-05-10,14.3049,14.3493,14.216,14.3493,918339
2011-05-11,14.3937,14.7935,14.3493,14.6158,3711567
2011-05-14,14.5714,15.1045,14.4826,15.0157,4622593
2011-05-15,15.1045,15.1489,14.527,14.527,3033644
2011-05-16,14.6158,14.7047,14.3493,14.3493,1863860
2011-05-17,14.4381,14.5714,14.3493,14.5714,679782
2011-05-18,14.9712,15.1045,14.7491,14.838,3146193
2011-05-21,14.9268,15.1045,14.838,14.8824,1968857
2011-05-22,14.9268,14.9268,14.6603,14.7935,1889249
2011-05-23,14.7047,14.7491,14.527,14.6603,1209269
2011-05-24,14.7491,14.8824,14.6603,14.7491,1487648
2011-05-25,14.6603,15.2822,14.6158,15.0601,4908014
2011-05-28,15.1489,15.1934,14.9268,14.9268,3800622
2011-05-29,14.8,15.8,14.6,15.3,8307833
2011-05-30,15.4,15.4,14.95,15.05,3122892
2011-05-31,15,15.15,14.95,15.1,1887908
2011-06-01,15.05,15.05,14.8,14.85,2420458
2011-06-04,14.8,14.8,14.5,14.55,1090915
2011-06-05,14.55,14.65,14.55,14.6,780261
2011-06-06,14.6,14.6,14.4,14.45,780675
2011-06-07,14.45,14.45,14,14.05,1829927
2011-06-08,14,14,13.8,13.8,930443
2011-06-11,13.75,13.8,13.45,13.8,842449
2011-06-12,13.8,14.1,13.8,14,894603
2011-06-13,14,14,13.85,13.95,799850
2011-06-14,13.9,14,13.7,13.75,1080176
2011-06-15,14,14.25,13.6,13.95,2574526
2011-06-18,14,14,13.8,13.85,1137751
2011-06-19,13.85,13.9,13.7,13.7,778144
2011-06-20,13.6,13.6,13.4,13.6,1407059
2011-06-21,13.6,13.6,13.5,13.5,2271249
2011-06-22,13.55,13.6,13.4,13.55,1601399
2011-06-25,13.4,13.4,13.1,13.4,1183572
2011-06-26,13.4,13.65,13.4,13.65,1216197
2011-06-27,13.65,13.8,13.6,13.7,1420431
2011-06-28,13.7,13.7,13.55,13.55,793267
2011-06-29,13.6,13.6,13.4,13.45,1802924
2011-07-02,13.4,13.5,13.4,13.45,1708366
2011-07-03,13.45,13.45,13.35,13.45,748664
2011-07-04,13,13.15,12.6,12.95,11690576
2011-07-05,12.9,13,12.75,12.8,3873340
2011-07-06,12.8,12.85,12.5,12.55,4922245
2011-07-09,12.55,12.55,12.35,12.35,3891284
2011-07-10,12.3,12.45,12.3,12.45,3772045
2011-07-11,12.45,12.5,12.35,12.4,1678692
2011-07-12,12.35,12.35,12.1,12.2,2582628
2011-07-13,12.2,12.35,12.2,12.3,1346644
2011-07-16,12.3,12.35,12.25,12.35,1222473
2011-07-17,12.35,12.35,12.15,12.3,1396706
2011-07-18,12.3,12.35,12.15,12.25,880747
2011-07-19,12.2,12.3,12.2,12.3,756835
2011-07-20,12.35,12.45,12.3,12.4,2468239
2011-07-23,12.45,12.45,12.35,12.45,1281593
2011-07-24,12.4,12.6,12.35,12.45,2710471
2011-07-25,12.45,12.45,12.3,12.3,1919947
2011-07-26,12.3,12.4,12.3,12.35,822134
2011-07-27,12.35,12.4,12.3,12.4,871614
2011-07-30,12.3,12.3,12.05,12.2,2004628
2011-07-31,12.2,12.3,12.2,12.3,1144582
2011-08-01,12.35,12.45,12.25,12.4,1155115
2011-08-02,12.35,12.45,12.3,12.35,1183749
2011-08-03,12.25,12.3,12.2,12.25,687917
2011-08-06,12.15,12.15,11.65,11.85,2275540
2011-08-07,11.95,12.05,11.8,11.9,1287136
2011-08-08,11.95,12,11.75,11.9,1186475
2011-08-09,11.45,11.6,11.3,11.5,5125215
2011-08-10,11.7,11.75,11.5,11.5,3646925
2011-08-13,11.6,11.7,11.55,11.6,2066482
2011-08-14,11.6,11.65,11.5,11.55,1998807
2011-08-15,11.55,11.6,11.5,11.6,1019533
2011-08-16,11.6,11.6,11.25,11.3,3709655
2011-08-17,11.25,11.35,11.2,11.35,1540043
2011-08-20,11.05,11.15,11,11.1,3414336
2011-08-21,11.1,11.4,11.1,11.3,2133812
2011-08-22,11.35,11.45,11.25,11.25,1845965
2011-08-23,11.3,11.45,11.25,11.35,1823743
2011-08-24,11.4,11.7,11.4,11.6,2226216
2011-09-03,11.8,11.85,11.7,11.8,1162596
2011-09-04,11.85,12,11.7,11.85,2544716
2011-09-05,11.8,11.85,11.75,11.8,1226045
2011-09-06,11.7,12,11.7,11.95,1771042
2011-09-07,11.95,12.1,11.85,12,1235357
2011-09-10,11.9,12,11.85,11.95,930340
2011-09-11,11.9,12.15,11.9,12.1,2588305
2011-09-12,12.05,12.05,11.85,11.85,2672420
2011-09-13,11.95,12,11.85,11.95,1878744
2011-09-14,11.95,11.95,11.85,11.9,923003
2011-09-17,12,12.25,11.95,12.25,2820246
2011-09-18,12.25,12.25,12.05,12.05,2032888
2011-09-19,12,12.05,12,12,996168
2011-09-20,12,12.05,11.95,12,963047
2011-09-21,12,12.05,11.95,12,628306
2011-09-25,11.9,11.95,11.85,11.95,1093942
2011-09-26,11.9,12,11.9,11.95,679311
2011-09-27,11.95,12,11.9,12,652597
2011-09-28,12,12,11.9,11.9,531124
2011-10-01,11.9,12.1,11.9,12.1,1173381
2011-10-02,12.1,12.1,11.95,12,1047351
2011-10-03,11.95,12,11.85,11.85,1761264
2011-10-04,11.9,11.9,11.8,11.85,1080636
2011-10-05,11.9,11.95,11.85,11.85,757658
2011-10-08,11.9,11.95,11.85,11.95,808137
2011-10-09,11.95,12,11.9,11.9,1444883
2011-10-10,11.95,12,11.9,11.95,1432504
2011-10-11,12,12,11.8,11.9,1846632
2011-10-12,11.95,11.95,11.85,11.85,585064
2011-10-15,11.9,11.9,11.85,11.9,689013
2011-10-16,11.9,11.9,11.75,11.8,799927
2011-10-17,11.8,11.85,11.75,11.75,658442
2011-10-18,11.75,11.75,11.65,11.75,620879
2011-10-19,11.7,11.75,11.7,11.7,509779
2011-10-22,11.35,11.7,11.35,11.6,630409
2011-10-23,11.7,11.85,11.6,11.85,1168100
2011-10-24,11.85,11.85,11.65,11.7,976634
2011-10-25,11.7,11.8,11.7,11.75,805712
2011-10-26,11.7,11.75,11.65,11.7,501569
2011-10-29,11.75,11.85,11.7,11.7,1054165
2011-10-30,11.7,11.7,11.6,11.65,1159376
2011-10-31,11.65,11.7,11.55,11.6,1630084
2011-11-01,11.6,11.65,11.5,11.65,1321078
2011-11-02,11.6,11.65,11.55,11.55,523905
2011-11-12,11.7,11.75,11.6,11.6,1256368
2011-11-13,11.6,11.65,11.6,11.65,805676
2011-11-14,11.65,11.65,11.6,11.6,963629
2011-11-15,11.6,11.65,11.6,11.6,641468
2011-11-16,11.6,11.65,11.55,11.6,1549358
2011-11-19,11.6,11.6,11.55,11.55,671431
2011-11-20,11.6,11.85,11.55,11.65,4672136
2011-11-21,11.75,12.1,11.6,12,6841907
2011-11-22,11.95,12.2,11.8,11.85,6156081
2011-11-23,11.85,11.9,11.6,11.7,3054650
2011-11-26,11.7,11.7,11.5,11.6,3330774
2011-11-27,11.65,11.8,11.65,11.65,5620126
2011-11-28,11.7,11.8,11.6,11.7,2712693
2011-11-29,11.7,11.75,11.65,11.7,1385535
2011-11-30,11.7,11.7,11.65,11.7,852911
2011-12-03,11.8,11.8,11.65,11.7,1719932
2011-12-04,11.7,11.7,11.65,11.7,972877
2011-12-05,11.7,11.75,11.65,11.75,1788154
2011-12-06,11.7,11.75,11.65,11.65,994033
2011-12-07,11.7,11.75,11.65,11.65,1161701
2011-12-10,11.65,12,11.65,11.9,5320651
2011-12-11,11.9,11.9,11.75,11.8,2286590
2011-12-12,11.8,11.85,11.75,11.8,2210830
2011-12-13,11.8,12.05,11.7,11.75,6428251
2011-12-14,11.9,12.15,11.8,11.95,6550611
2011-12-17,12.05,12.3,11.95,12.1,6991550
2011-12-18,12.1,12.3,12,12.1,6745811
2011-12-19,12.1,12.15,11.95,12.05,3843583
2011-12-20,12,12.05,11.95,12,2430549
2011-12-21,12,12.05,11.95,11.95,2028719
2011-12-24,12,12.3,12,12.3,8648176
2011-12-25,12.4,12.55,12.3,12.35,9113409
2011-12-26,12.4,12.75,12.3,12.65,7385945
2011-12-27,12.7,12.7,12.3,12.35,4572694
2011-12-28,12.4,12.4,12.15,12.25,3740741
2011-12-31,12.3,12.3,12.1,12.15,3227908
2012-01-01,12.15,12.15,12,12.05,2681705
2012-01-02,12.05,12.1,11.9,12.1,2065698
2012-01-03,12.05,12.1,12,12.05,1421791
2012-01-04,12.05,12.05,11.95,12,1526162
2012-01-07,12,12.1,11.95,12,1632439
2012-01-08,12.05,12.15,12.05,12.1,2118963
2012-01-09,12.1,12.15,12.05,12.1,1004406
2012-01-10,12.1,12.35,12.1,12.15,4740051
2012-01-11,12.2,12.25,12.1,12.2,1442450
2012-01-14,12.15,12.35,12.05,12.3,6574749
2012-01-15,12.25,12.35,12.2,12.2,1911457
2012-01-16,12.2,12.2,12.05,12.1,3544938
2012-01-17,12.1,12.15,12.05,12.1,2568794
2012-01-18,12.1,12.2,12.1,12.15,2341055
2012-01-21,12.25,12.4,12.2,12.3,3996028
2012-01-22,12.35,12.65,12.35,12.4,9211318
2012-01-23,12.5,12.5,12.3,12.35,5368830
2012-01-24,12.45,12.6,12.3,12.45,8690458
2012-01-25,12.45,12.55,12.35,12.45,5778709
2012-01-28,12.5,12.9,12.45,12.8,7958802
2012-01-29,12.8,13.05,12.8,13,9677661
2012-01-30,13,13.2,12.85,13.05,8860701
2012-01-31,13.1,14.05,13.05,13.7,16711924
2012-02-01,13.85,13.9,13.4,13.55,8764815
2012-02-04,13.65,13.9,13.35,13.45,10731762
2012-02-05,13.5,13.55,13.25,13.3,5074016
2012-02-06,13.25,13.6,13.15,13.3,9237201
2012-02-07,13.3,13.35,13.2,13.3,2990677
2012-02-08,13.3,13.6,13.3,13.6,6136616
2012-02-11,13.55,14.35,13.5,14.05,13376176
2012-02-12,14.1,14.2,13.85,14.05,6438852
2012-02-13,14.1,14.2,14,14.1,4379265
2012-02-14,14.1,14.1,13.9,13.95,6185488
2012-02-15,14,14.8,13.95,14.6,8359559
2012-02-18,14.6,14.8,14.45,14.5,4820054
2012-02-19,14.65,15.3,14.65,15.05,10732118
2012-02-20,15.2,15.25,14.85,15,4847731
2012-02-21,15,15.15,14.95,15,3404455
2012-02-22,15,15.15,15,15,3482864
2012-02-25,15.05,15.75,15.05,15.5,8302236
2012-02-26,15.55,15.8,15.4,15.65,4992918
2012-02-27,15.65,16.25,15.55,16.05,6561116
2012-02-28,16.15,16.5,15.5,16.05,11041277
2012-02-29,16.25,16.5,15.85,16.45,5201667
2012-03-03,16.5,16.5,16.15,16.25,4832051
2012-03-04,16.4,16.4,16,16.25,4323854
2012-03-05,16.15,16.6,16.1,16.4,6826066
2012-03-06,16.4,16.5,16.05,16.25,5062054
2012-03-07,15.85,16.25,15.7,16.15,4357021
2012-03-10,16.25,16.55,16.25,16.55,5387728
2012-03-11,16.6,17,16.45,16.9,7594365
2012-03-12,16.95,17.1,16.7,16.9,11498540
2012-03-13,17,17.35,16.85,17,13814436
2012-03-14,17.05,17.3,16.95,17.2,10758258
2012-03-17,17.2,17.2,16.75,17.1,11221844
2012-03-18,17.1,17.4,16.95,17.4,9982257
2012-03-19,17.5,18.4,17.5,18.1,20421447
2012-03-20,18,18.1,17.65,17.9,7310720
2012-03-21,17.5,18,17.5,17.9,5098940
2012-03-24,17.9,19.2,17.9,19.2,12525982
2012-03-25,19.35,19.45,19,19.15,7835312
2012-03-26,19.3,20.2,19.2,20.15,13387950
2012-03-27,20.4,20.4,19.5,19.55,10075933
2012-03-28,19.5,19.75,18.85,19.5,6569744
2012-03-31,19.6,19.6,19.25,19.3,3349554
2012-04-01,19.35,19.95,19.35,19.7,5553612
2012-04-02,19.7,19.75,19.4,19.5,3604075
2012-04-03,19.5,19.6,19.3,19.5,5522889
2012-04-04,19.45,19.5,19.3,19.35,2969647
2012-04-07,19,19.2,19,19.1,5206401
2012-04-08,19.1,19.35,18.1,18.8,9467510
2012-04-09,18.7,19,18.5,18.9,3135105
2012-04-10,18.85,18.95,18.3,18.35,4086540
2012-04-11,18,18.7,17.35,18.6,8505429
2012-04-14,18.95,19.95,18.95,19.85,19740986
2012-04-15,19.4,20.45,19.2,19.5,24553395
2012-04-16,19.5,19.75,18.7,19.05,10764472
2012-04-17,19.25,20.15,19.1,20.05,12120200
2012-04-18,20.15,21.35,20,21.15,27258823
2012-04-21,21.15,21.75,20.8,21.35,17412873
2012-04-22,21.35,21.75,21.2,21.35,13743217
2012-04-23,21.3,22.05,21.1,21.4,29553852
2012-04-24,21.4,22.15,21.3,21.95,19961377
2012-04-25,22,23.35,21.95,22.9,27814634
2012-04-28,23.4,23.45,22.55,22.6,16218687
2012-04-29,22.55,22.85,22.1,22.2,13173876
2012-04-30,22.1,22.2,21.65,22,7929709
2012-05-01,22.05,22.25,21.6,21.9,11691699
2012-05-02,22.45,23,22.3,22.7,25396296
2012-05-05,22.2,22.45,21.95,22.35,10651816
2012-05-06,22.4,22.4,21.65,21.75,9858549
2012-05-07,21.5,21.5,20.75,21.1,11014854
2012-05-08,21.2,21.35,20.7,20.8,4046504
2012-05-09,20.55,20.65,19.75,19.85,8958450
2012-05-12,19.75,20.25,18.75,20,6484890
2012-05-13,20.05,20.1,19.2,19.3,6998796
2012-05-14,19.3,19.65,19,19.35,7268972
2012-05-15,19.4,19.8,19.3,19.65,5528555
2012-05-16,19.35,19.6,19.15,19.45,4394772
2012-05-19,19.05,19.45,19,19,4558567
2012-05-20,19.3,19.35,19,19.1,3598443
2012-05-21,19.2,19.3,19,19.3,3299216
2012-05-22,19.5,19.9,19.5,19.65,6146135
2012-05-23,19.45,19.65,19.35,19.55,3025005
2012-05-26,19.6,19.75,19.35,19.45,2465314
2012-05-27,19.4,19.45,18.95,19,2617161
2012-05-28,19.2,19.25,18.95,19,4225981
2012-05-29,19.15,19.25,18.9,18.95,2619013
2012-05-30,18.95,18.95,18.2,18.6,4044707
2012-06-02,17.2,17.75,16.85,16.85,4926636
2012-06-03,17,17.3,16.8,17.2,3275596
2012-06-04,17.1,17.35,16.85,17.2,2458456
2012-06-05,17.3,17.35,17,17.05,2477160
2012-06-06,17.1,17.25,16.35,16.5,4174017
2012-06-09,16.85,17.05,16.5,16.75,2832707
2012-06-10,16.8,17.25,16.65,17.25,2566207
2012-06-11,17.3,17.6,17.05,17.2,3900016
2012-06-12,17.05,17.15,16.85,17.05,1557896
2012-06-13,17.15,17.2,16.95,17.05,999493
2012-06-16,17.2,17.5,16.25,16.95,3483346
2012-06-17,16.95,17.35,16.95,17.3,1916098
2012-06-18,17.5,17.65,17.3,17.45,2541006
2012-06-19,17.5,17.6,17.4,17.5,1693240
2012-06-20,17.55,17.55,17.45,17.5,1409694
2012-06-23,17.4,17.45,17.2,17.25,665253
2012-06-24,17.25,17.35,17.15,17.3,1388170
2012-06-25,17.3,17.35,17.1,17.15,937627
2012-06-26,17.1,17.35,17.05,17.2,1192871
2012-06-27,17.2,17.2,16.8,17.05,2809019
2012-06-30,17.4,17.5,17.2,17.25,1668503
2012-07-01,17.25,17.45,17.25,17.3,897813
2012-07-02,17.3,18.25,17.25,18,3709773
2012-07-03,18.15,19.35,17.95,19,5633399
2012-07-04,19,19.6,18.95,19.05,3341711
2012-07-07,18.95,19.5,18.8,19.35,2206366
2012-07-08,19.25,19.35,19,19,1474723
2012-07-09,19.05,19.2,18.6,18.7,1149313
2012-07-10,18.7,18.8,18.3,18.45,882709
2012-07-11,18.25,18.3,17.8,17.85,1308206
2012-07-14,17.9,18.15,17.65,17.8,1313642
2012-07-15,17.7,17.85,17.55,17.65,675238
2012-07-16,17.65,17.95,17.2,17.7,780595
2012-07-17,17.7,18.15,17.65,17.7,1621997
2012-07-18,17.6,17.95,17.55,17.7,821431
2012-07-21,17.6,18.25,17.6,18.15,912824
2012-07-22,18.1,18.45,17.95,18.45,1187673
2012-07-23,18.35,18.4,18,18.2,1009578
2012-07-24,18.2,18.35,18.1,18.3,707352
2012-07-25,18.15,18.4,18.15,18.25,1602505
2012-07-28,18.45,18.75,18.4,18.6,2162939
2012-07-29,18.55,18.65,18.45,18.55,623843
2012-07-30,18.6,18.75,18.5,18.75,1114421
2012-07-31,18.75,19.05,18.6,19.05,1441242
2012-08-01,18.95,19.2,18.9,19.1,778996
2012-08-04,19.15,19.55,19.15,19.3,1383509
2012-08-05,19.15,19.3,19.05,19.3,982824
2012-08-06,19.3,19.3,19.05,19.1,1414078
2012-08-07,19.1,19.2,19,19.1,1448392
2012-08-08,19.1,19.15,18.95,18.95,1383285
2012-08-11,19,19.15,18.9,19.05,693720
2012-08-12,19,19.1,18.85,19.1,547335
2012-08-13,19.1,19.4,19,19.2,1760152
2012-08-14,19.1,19.6,19.1,19.3,1774535
2012-08-15,19.3,19.95,19.25,19.75,2536579
2012-08-25,20.05,20.5,20,20.5,2503814
2012-08-26,20.45,20.9,20.2,20.6,3312755
2012-08-27,20.7,21.2,20.6,21.05,3515281
2012-08-28,21.05,21.1,20.6,20.65,2626881
2012-08-29,20.65,20.8,20.5,20.65,1609672
2012-09-01,20.8,21.05,20.8,20.8,1442749
2012-09-02,20.85,20.85,20.6,20.7,1603349
2012-09-03,20.7,20.7,20.05,20.1,3488549
2012-09-04,20.1,20.1,19.7,19.8,1665234
2012-09-05,19.7,20.1,19.6,19.9,1564701
2012-09-08,20.1,20.2,19.95,20,1598645
2012-09-09,20.05,20.05,19.85,20,1226058
2012-09-10,20,20.05,19.75,19.9,755750
2012-09-11,19.8,20,19.7,19.9,962734
2012-09-12,19.8,20,19.75,20,1723740
2012-09-15,20.05,20.25,19.95,19.95,918072
2012-09-16,19.95,20.05,19.9,19.9,1599976
2012-09-17,19.85,20.1,19.85,20.05,1374675
2012-09-18,20.05,20.05,19.8,19.9,1067884
2012-09-19,19.9,19.95,19.65,19.75,1089858
2012-09-22,19.75,19.9,19.7,19.75,1258653
2012-09-24,19.7,19.7,19.15,19.45,1471972
2012-09-25,19.4,19.5,19.2,19.3,897072
2012-09-26,19.25,19.25,18.85,18.9,1609018
2012-09-29,18.9,19,18.5,18.7,3190668
2012-09-30,18.7,18.85,18.2,18.3,2148530
2012-10-01,18.4,19,18.4,18.85,1159135
2012-10-02,19,19.15,18.75,19.1,1391024
2012-10-03,19.05,19.3,19,19.15,1275796
2012-10-06,19.2,19.9,19.2,19.85,1999235
2012-10-07,19.7,19.8,19.3,19.45,1313499
2012-10-08,19.35,19.5,19,19.35,1336737
2012-10-09,19.5,19.5,19.3,19.35,641807
2012-10-10,19.3,19.7,19.25,19.5,2253400
2012-10-13,19.4,19.45,18.9,19,1632159
2012-10-14,18.85,19.1,18.8,18.85,1439467
2012-10-15,18.85,19.05,18.75,19,979364
2012-10-16,18.95,19.65,18.95,19.6,4497967
2012-10-17,19.6,19.7,19.35,19.7,2102175
2012-10-20,19.5,19.8,19.35,19.75,1077963
2012-10-21,19.75,20,19.6,19.75,1697255
2012-10-22,19.75,20.1,19.55,19.85,2956543
2012-10-23,19.9,20.05,19.7,19.75,1588122
2012-10-24,19.6,20.3,19.5,20.3,3357252
2012-11-03,20.25,20.4,20.1,20.25,1035474
2012-11-04,20.25,20.25,20.05,20.2,810082
2012-11-05,20.15,20.2,20,20.15,684801
2012-11-06,20.05,20.85,20.05,20.5,2342616
2012-11-07,20.8,20.95,20.25,20.45,2295599
2012-11-10,20.3,20.6,20.2,20.4,1208609
2012-11-11,20.6,20.6,20.3,20.5,631729
2012-11-12,20.35,20.45,20.25,20.4,762913
2012-11-13,20.4,20.4,19.85,20,1451893
2012-11-14,19.95,20.1,19.85,19.95,588978
2012-11-17,19.85,20,19.75,19.9,526494
2012-11-18,19.95,19.95,19.75,19.75,697835
2012-11-19,19.75,19.85,18.6,19.05,1613784
2012-11-20,19,19.2,18.7,18.85,1992910
2012-11-21,18.85,19.15,18.7,18.8,1747946
2012-11-24,18.95,19.05,18.8,18.95,790179
2012-11-25,18.9,18.9,18.25,18.9,2218868
2012-11-26,18.8,19,17.9,18.45,3292791
2012-11-27,18.55,18.55,18,18,2132089
2012-11-28,18.05,18.4,18,18.4,1300598
2012-12-01,18.6,19,18.4,18.5,2507649
2012-12-02,18.55,18.65,18.3,18.6,1026238
2012-12-03,18.55,18.6,18.45,18.55,1068458
2012-12-04,18.5,18.6,18.45,18.55,754364
2012-12-05,18.5,18.85,18.45,18.7,1597222
2012-12-08,18.7,19.15,18.7,18.95,1422492
2012-12-09,19.05,19.05,18.6,18.7,1213241
2012-12-10,18.6,18.65,18.5,18.65,856001
2012-12-11,18.6,18.75,18.55,18.75,670421
2012-12-12,18.8,19,18.65,19,1700519
2012-12-15,19,19.05,18.85,18.95,1179731
2012-12-16,18.95,19.1,18.85,19.1,1423314
2012-12-17,19.05,19.1,18.85,18.95,907490
2012-12-18,19,19.05,18.85,18.9,786640
2012-12-19,18.85,18.9,18.8,18.8,657267
2012-12-22,18.85,18.85,18.5,18.75,993107
2012-12-23,18.75,18.9,18.65,18.75,834304
2012-12-24,18.75,18.9,18.7,18.9,636845
2012-12-25,18.85,18.9,18.75,18.75,640792
2012-12-26,18.8,19.2,18.6,19.1,2310166
2012-12-29,19,19.5,19,19.45,1658637
2012-12-30,19.35,19.45,19.05,19.25,1144112
2012-12-31,19.2,19.2,18.95,19,1451470
2013-01-01,19.1,19.2,19,19.15,1042725
2013-01-02,19.15,20.3,19.15,20.2,4008213
2013-01-05,20.1,21,20,20.7,3753352
2013-01-06,20.35,20.9,20.25,20.7,3284886
2013-01-07,20.75,20.9,20.45,20.65,2112677
2013-01-08,20.6,20.9,20.45,20.9,2910320
2013-01-09,20.85,21.4,20.8,21.2,4430282
2013-01-12,21.45,21.5,21.25,21.45,3729194
2013-01-13,21.5,21.5,20.8,21,2697731
2013-01-14,20.85,20.9,20.5,20.6,3123770
2013-01-15,20.55,20.55,20,20.25,1579146
2013-01-16,20.15,20.4,20.05,20.35,1220508
2013-01-19,20.25,21.15,20.2,21,3722341
2013-01-20,21.05,21.55,20.9,21.3,4905664
2013-01-21,21.25,21.25,20.8,20.95,3048979
2013-01-22,20.9,21.2,20.8,21.15,1555434
2013-01-23,21.1,21.1,20.7,20.9,1595753
2013-01-26,20.8,21.05,20.7,21,1183430
2013-01-27,21.1,21.45,20.95,21.45,3115678
2013-01-28,21.4,21.7,21.2,21.35,2297030
2013-01-29,21.25,21.5,21.15,21.3,1484598
2013-01-30,21.3,21.6,21.2,21.6,1239923
2013-02-02,21.75,22,21.65,21.85,3531702
2013-02-03,21.9,21.95,21.4,21.5,3472786
2013-02-04,21.6,21.95,21.5,21.65,2785949
2013-02-05,21.6,21.6,21.3,21.55,2015628
2013-02-06,21.5,21.7,21.35,21.45,2155799
2013-02-09,21.45,21.55,21.25,21.55,1466939
2013-02-10,21.45,21.55,21.4,21.5,991825
2013-02-11,21.5,21.55,21.4,21.45,1353653
2013-02-12,21.45,21.9,21.4,21.9,1583618
2013-02-13,21.85,22.7,21.8,22.7,6574495
2013-02-16,22.7,24.2,22.65,23.3,10992117
2013-02-17,23.45,24.2,23.15,23.4,8209303
2013-02-18,23.4,23.6,23.25,23.3,1965265
2013-02-19,23.25,23.25,22.65,22.9,1879389
2013-02-20,23.05,23.2,22.8,22.9,1961733
2013-02-23,22.8,23,22.75,22.85,787209
2013-02-24,22.8,22.8,22.6,22.65,1571952
2013-02-25,22.6,22.95,22.6,22.7,1346108
2013-02-26,22.5,22.65,22.35,22.45,1104166
2013-02-27,22.5,22.65,22.35,22.4,1441719
2013-03-02,22.5,22.55,22.25,22.35,1096930
2013-03-03,22.3,22.45,22.15,22.35,1384496
2013-03-04,22.15,22.25,22.05,22.15,673574
2013-03-05,22.05,22.4,22.05,22.05,848567
2013-03-06,22.2,22.45,22.15,22.4,653684
2013-03-09,22.55,22.95,22.55,22.8,2436513
2013-03-10,22.7,23.35,22.65,23.1,2561077
2013-03-11,23.3,23.3,22.95,23.15,1955454
2013-03-12,23.15,23.2,22.85,23,2058614
2013-03-13,23,23.4,22.95,23.4,1728701
2013-03-16,23.45,24,23.45,23.9,2213689
2013-03-17,23.9,24.15,23.85,23.95,2267629
2013-03-18,23.9,24,23.65,23.85,1944619
2013-03-19,23.9,24.55,23.85,24.25,4601659
2013-03-20,24.15,24.8,24.15,24.45,2280247
2013-03-23,24.45,24.5,24.2,24.4,2056591
2013-03-24,24.45,25,24.3,24.8,3953958
2013-03-25,24.8,25.3,24.75,25.3,1988657
2013-03-26,25.3,27.5,25.2,26.3,11102961
2013-03-27,26.4,26.8,25.7,26.2,5361193
2013-03-30,26.2,26.6,25.5,25.9,3433087
2013-03-31,25.7,26,25.5,25.6,2171976
2013-04-01,25.8,26,25.6,25.9,1773808
2013-04-02,26.1,27,26,27,4353094
2013-04-03,27.1,27.4,26.6,26.6,3906403
2013-04-06,26.9,26.9,25.4,25.5,4824362
2013-04-07,25.6,26,25.2,25.8,3076032
2013-04-08,25.9,26.1,25.7,25.8,1812144
2013-04-09,25.8,25.9,25.5,25.7,5412846
2013-04-10,25.6,25.6,25,25.2,1341496
2013-04-13,25.1,25.3,24.8,24.85,1226489
2013-04-14,24.85,24.85,24.45,24.7,5600972
2013-04-15,24.8,24.9,24.55,24.65,1042719
2013-04-16,24.5,24.5,24.2,24.3,1133291
2013-04-17,24.35,24.65,24.15,24.5,1491137
2013-04-20,24.5,25.9,24.35,25.8,3396946
2013-04-21,25.8,26.4,25.8,26.1,2542572
2013-04-22,26,26.2,25.8,26,1546732
2013-04-23,25.8,25.9,25.4,25.7,1579289
2013-04-24,25.6,25.6,25.4,25.5,872538
2013-04-27,25.4,25.7,25.2,25.4,781553
2013-04-28,25.3,25.5,25,25.3,1332896
2013-04-29,25.3,25.8,25.2,25.4,1860623
2013-04-30,25.5,25.8,25.3,25.6,4646263
2013-05-01,25.6,26.2,25.4,25.7,9725215
2013-05-04,25.9,26,25.5,25.8,2155951
2013-05-05,25.7,26.2,25.5,25.9,3171594
2013-05-06,25.8,25.9,25.5,25.7,4573336
2013-05-07,25.7,25.9,25.6,25.7,1577248
2013-05-08,25.7,25.8,25.6,25.8,617587
2013-05-11,25.7,26,25.7,25.8,966615
2013-05-12,25.8,25.8,25.3,25.4,1317925
2013-05-13,25.4,26.6,25.2,26,10719986
2013-05-14,26.2,26.8,25.8,26.3,6002992
2013-05-15,26.4,27,25.8,26.9,10078559
2013-05-18,27,28.4,26.9,28.4,14778166
2013-05-19,28.5,30.1,28,29.9,14674892
2013-05-20,29.5,30.2,29.2,29.5,6570270
2013-05-21,29.3,29.6,28.7,28.9,3803974
2013-05-22,28.8,29,28.2,29,5302052
2013-05-25,28,28.8,28,28.3,3748779
2013-05-26,28.5,28.6,28.1,28.1,2360148
2013-05-27,28.2,28.3,27.8,28,1705946
2013-05-28,28.1,28.8,28.1,28.8,3639037
2013-05-29,28.9,29,28.5,28.9,3728197
2013-06-01,29,29.3,28.5,28.8,4794113
2013-06-02,28.8,29.1,28.5,28.7,2568076
2013-06-03,28.7,28.8,28.3,28.5,4991198
2013-06-04,28,28.9,28,28.2,4455641
2013-06-05,28.2,28.7,28.1,28.3,3575630
2013-06-08,28.6,28.7,28.2,28.2,2652109
2013-06-09,28.3,28.6,28.2,28.5,2022477
2013-06-10,28.5,29.1,28.4,28.8,8853002
2013-06-11,28.9,29.6,28.7,29,8985964
2013-06-12,29,29.3,28.8,29.1,3557048
2013-06-15,28.6,28.6,26.2,27.2,8087577
2013-06-16,27.1,28,26.8,27.6,6043215
2013-06-17,28,28.7,27.9,28,7397792
2013-06-18,28.2,28.8,28.1,28.4,6027472
2013-06-19,28.5,28.8,28.2,28.5,5487307
2013-06-22,28.3,29,28.1,28.8,5251500
2013-06-23,28.9,29.1,28.7,28.8,3260539
2013-06-24,28.8,28.9,28.5,28.6,2719281
2013-06-25,28.7,28.8,28.6,28.7,1744126
2013-06-26,28.7,29.2,28.6,28.9,5855042
2013-06-30,28.9,28.9,28.4,28.5,2746058
2013-07-01,28.5,28.7,28.3,28.7,3235196
2013-07-02,28.7,28.9,28.6,28.8,2118936
2013-07-03,28.7,28.8,28.5,28.6,1107855
2013-07-04,28.7,28.9,28.6,28.7,1985717
2013-07-07,28.8,29,28.7,28.9,2001102
2013-07-08,28.8,28.8,28.6,28.7,1336862
2013-07-09,28.7,29,28.7,28.9,1546695
2013-07-10,28.9,29.6,28.7,29.6,3967865
2013-07-11,29.7,31,29.6,30.9,11798107
2013-07-14,31.4,33.8,31.2,33,20250630
2013-07-15,33.3,33.5,32.3,32.6,8445939
2013-07-16,32.4,33.2,32.2,32.8,6155278
2013-07-17,32.7,33.3,32.4,32.8,7887195
2013-07-18,32.7,32.8,32.3,32.4,2528531
2013-07-21,32.4,33,32.3,33,4624679
2013-07-22,33.1,34.6,33,34.3,10632043
2013-07-23,34.4,35.4,34.4,34.6,7957021
2013-07-24,34.7,35.1,33.8,33.9,4997650
2013-07-25,34.1,34.9,33.5,34.8,6489922
2013-07-28,34.8,35.2,34.6,34.8,5463176
2013-07-29,34.8,35.5,34.7,35,6340768
2013-07-30,35,35.2,34.8,34.9,3460458
2013-07-31,35,35.1,34,34.2,3360993
2013-08-01,34.3,34.3,33.7,34.1,2827210
2013-08-04,33.8,33.9,33.3,33.5,3151921
2013-08-05,33.5,34.1,33.3,33.8,3107865
2013-08-13,34,34.1,33.4,33.7,2887583
2013-08-14,33.7,33.7,32.7,33,2671559
2013-08-15,33,33.3,32.5,32.9,2317612
2013-08-18,33,33,32.4,32.8,1974745
2013-08-19,32.6,32.8,32.4,32.8,1550751
2013-08-20,32.8,33.4,32.6,33.2,9129121
2013-08-21,33.2,33.8,33.1,33.7,2459521
2013-08-22,33.6,33.8,33.4,33.5,1451659
2013-08-25,33.5,33.6,32.4,32.7,2193865
2013-08-26,32.6,33,32.2,32.4,2166382
2013-08-27,32,32,29.9,30,4276571
2013-08-28,28.6,30.3,28.3,29.8,5392955
2013-08-29,30,30.5,29.6,29.8,3595958
2013-09-01,30.2,31.1,30.2,31,5478216
2013-09-02,31.2,31.2,29.8,30.3,4408320
2013-09-03,30.4,30.4,29.5,29.6,3997179
2013-09-04,29.4,29.4,28.6,28.7,2845315
2013-09-05,28.6,29,28.1,28.4,2374219
2013-09-08,28.6,29.5,28.6,28.8,3324908
2013-09-09,29,29.1,28.4,29.1,2905897
2013-09-10,30,30.7,30,30.7,5310382
2013-09-11,30.8,31.1,30.2,30.3,3182809
2013-09-12,30.3,30.9,30.3,30.5,3100625
2013-09-15,31,31.4,30.9,31.2,3922020
2013-09-16,31.2,31.6,31.1,31.4,2301355
2013-09-17,31.4,31.4,30.9,31,3130890
2013-09-18,31.1,31.1,30.7,30.9,1012523
2013-09-19,31.1,31.3,30.9,31,1652492
2013-09-24,31.1,31.1,30.8,30.8,930145
2013-09-25,30.9,31.1,30.7,31,1527360
2013-09-26,30.8,30.9,30.6,30.7,830887
2013-09-29,30.7,30.9,30.4,30.7,1992854
2013-09-30,30.7,30.8,30.5,30.6,875530
2013-10-01,30.5,30.8,30.4,30.7,1936773
2013-10-02,30.8,31.3,30.6,30.9,2875057
2013-10-03,31.2,31.5,30.8,30.9,3717975
2013-10-06,31,31,30.1,30.6,1631964
2013-10-07,30.4,31.1,30.1,30.5,2883662
2013-10-08,30.5,30.8,30,30.4,2806114
2013-10-09,30.2,30.8,30,30.7,2592946
2013-10-10,30.6,30.9,30.4,30.4,2977417
2013-10-20,30.8,31.3,30.7,31.2,2216304
2013-10-21,31.2,31.7,31,31.7,2321284
2013-10-22,31.7,32,31.5,31.7,2825935
2013-10-23,31.6,31.7,31.4,31.7,1406971
2013-10-24,31.7,32.2,31.6,31.9,2327848
2013-10-27,31.8,32.1,31.7,31.8,947906
2013-10-28,31.8,31.8,31.1,31.6,1972370
2013-10-29,31.5,31.6,31.3,31.4,846817
2013-10-30,31.5,31.6,31.3,31.5,989228
2013-10-31,31.5,32.1,31.3,31.7,1914262
2013-11-03,31.8,32.2,31.7,31.8,1390099
2013-11-04,31.8,32.1,31.6,32,1926484
2013-11-05,32,32.4,31.9,32.4,1928210
2013-11-06,32.5,32.5,32.2,32.2,1105795
2013-11-07,32.2,32.6,31.8,32,3634991
2013-11-10,32,32.1,31.2,31.5,4796990
2013-11-11,31.5,31.6,31.2,31.2,1615796
2013-11-12,31.2,31.5,30.5,30.5,3425495
2013-11-13,30.6,31,30.5,30.7,2351481
2013-11-14,30.7,30.8,30.5,30.7,741718
2013-11-17,30.6,30.9,30.6,30.7,1245737
2013-11-18,30.7,30.9,30.7,30.7,1277757
2013-11-19,30.7,30.7,30.3,30.3,1327499
2013-11-20,30.3,30.5,30.3,30.4,1561864
2013-11-21,30.3,30.5,30.3,30.4,983699
2013-11-24,30.3,30.5,30.1,30.4,10782856
2013-11-25,30.4,30.4,30.1,30.2,1057323
2013-11-26,30.1,30.3,29.9,29.9,1223759
2013-11-27,29.9,30,29.8,30,719199
2013-11-28,30,30.3,30,30.1,839603
2013-12-01,30,30,29.5,29.6,1970829
2013-12-02,29.5,29.8,29.4,29.8,1265498
2013-12-03,29.6,29.7,28.9,29,3021193
2013-12-04,29,29.1,28.7,29.1,2533705
2013-12-05,29,29.2,28.5,28.7,2388178
2013-12-08,28.6,29.1,28.6,29,2018103
2013-12-09,29.2,30.2,29.2,29.5,5478604
2013-12-10,29.6,29.8,29.5,29.6,1849547
2013-12-11,29.5,29.8,29.5,29.8,1180151
2013-12-12,29.6,29.9,29.6,29.7,985810
2013-12-15,29.7,29.9,29.6,29.7,953420
2013-12-16,29.7,29.7,29.5,29.7,518960
2013-12-17,29.8,29.9,29.5,29.6,2887688
2013-12-18,29.6,29.9,29.5,29.8,1104391
2013-12-19,29.7,29.9,29.7,29.8,858279
2013-12-22,29.6,29.8,29.5,29.6,1805101
2013-12-23,29.6,29.7,29.4,29.5,572959
2013-12-24,29.4,29.6,29.4,29.4,677181
2013-12-25,29.4,29.5,29.2,29.3,865510
2013-12-26,29.4,29.6,29,29.5,1902872
2013-12-29,29.5,29.5,29.2,29.3,956910
2013-12-30,29.3,29.5,29.2,29.3,711769
2013-12-31,29.4,29.4,29.2,29.2,747178
2014-01-01,29.2,29.6,29.2,29.5,1398848
2014-01-02,29.3,30.3,29.2,29.9,3689936
2014-01-05,30.1,31.6,30,31.5,9577605
2014-01-06,31.6,32,31.3,31.5,5663021
2014-01-07,31.5,31.5,31,31.1,2887452
2014-01-08,31.1,32,30.8,31.6,5361871
2014-01-09,31.6,31.9,31.3,31.7,2348167
2014-01-12,31.7,31.7,31.4,31.6,1526393
2014-01-13,31.6,31.7,31.4,31.6,1615090
2014-01-14,31.5,31.6,31.3,31.4,2029790
2014-01-15,31.3,31.7,31.3,31.3,1810472
2014-01-16,31.4,31.6,31.3,31.3,1453958
2014-01-19,31.3,31.6,31.2,31.5,2370259
2014-01-20,31.5,31.8,31.5,31.7,2010172
2014-01-21,31.6,31.7,31.1,31.4,1959123
2014-01-22,31.3,31.5,31.2,31.3,1433436
2014-01-23,31.3,31.8,31.3,31.4,2006876
2014-01-26,31.1,31.4,30.5,31.3,2064773
2014-01-27,31.4,31.5,31,31.1,1506951
2014-01-28,31,31.3,31,31.1,1937971
2014-01-29,31.1,31.3,31.1,31.2,2845435
2014-01-30,31.1,31.8,31.1,31.5,3181133
2014-02-02,31.7,33.5,31.5,32.6,12980478
2014-02-03,32.5,33,32.2,32.5,3430279
2014-02-04,32.1,32.7,31.9,32.4,2815104
2014-02-05,32.6,32.7,32.4,32.4,2194696
2014-02-06,32.4,32.7,32.3,32.6,2323416
2014-02-09,32.7,33.1,32.7,32.8,2572453
2014-02-10,32.8,33,32.7,32.8,1349371
2014-02-11,32.8,32.9,32.5,32.6,1201699
2014-02-12,32.7,32.8,32.5,32.6,1147402
2014-02-13,32.6,32.8,32.5,32.7,1223173
2014-02-16,32.8,33.2,32.7,32.9,1911005
2014-02-17,32.9,33.2,32.8,33,1841072
2014-02-18,33,34.4,32.9,34,7662243
2014-02-19,33.9,35.1,33.8,34.7,5965635
2014-02-20,34.7,37.4,34.6,37,17861706
2014-02-23,37,37.8,36.1,36.3,5993990
2014-02-24,36,39.7,36,38.3,14891563
2014-02-25,38.5,38.9,37.8,37.9,3696141
2014-02-26,37.9,37.9,37.4,37.6,1727808
2014-02-27,37.5,38.5,37.5,38.1,2366795
2014-03-02,37.9,41.9,37.9,41.5,25135443
2014-03-03,41.1,43.8,40.5,40.7,24083575
2014-03-04,41.4,43.8,41.3,43.6,15265004
2014-03-05,44,46.2,43.7,44.3,12986578
2014-03-06,45.3,45.9,44.3,44.5,4665390
2014-03-09,44.8,45.4,44.3,44.6,5058353
2014-03-10,44.6,44.6,43.3,43.4,4129334
2014-03-11,43.3,43.4,42.1,42.8,6020089
2014-03-12,42.8,44.2,42.4,43.6,4955961
2014-03-13,43.6,44,43.4,43.4,1675897
2014-03-16,43.4,43.4,42.7,42.7,1859436
2014-03-17,42.7,43.6,42.4,43.1,9110116
2014-03-18,43.4,43.8,42.3,42.4,2979285
2014-03-19,42.4,42.8,42.1,42.2,1402455
2014-03-20,42.2,42.3,41.6,42,1711995
2014-03-23,42,42.3,41.8,42.1,2943780
2014-03-24,42,42,41.4,41.8,1890969
2014-03-25,41.8,42.1,41.5,41.6,2289643
2014-03-26,41.7,42,41.5,41.8,1195424
2014-03-27,41.8,41.9,41.4,41.5,1051886
2014-03-30,41.5,41.8,41.3,41.6,1968531
2014-03-31,41.6,41.6,41,41.1,1389489
2014-04-01,41.2,41.4,41.1,41.2,862226
2014-04-02,41.3,42,41.3,41.8,3865225
2014-04-03,41.8,41.9,41.4,41.6,1874335
2014-04-06,41.6,41.9,41.4,41.4,1219525
2014-04-07,41.5,41.5,41.1,41.4,904561
2014-04-08,41.4,41.6,41.2,41.4,1191426
2014-04-09,41.3,41.5,41.1,41.3,1132231
2014-04-10,41.2,41.4,40.8,40.9,922379
2014-04-13,40.7,40.8,40.1,40.22,1089280
2014-04-14,40.3,40.3,40.1,40.19,1057969
2014-04-15,40.2,41,40.1,40.87,2434129
2014-04-16,40.8,42.8,40.8,42.39,5380803
2014-04-17,42.6,42.8,42,42.43,2384609
2014-04-20,42,42.8,42,42.69,2571329
2014-04-21,42.7,42.8,42.2,42.32,1491955
2014-04-22,42.3,42.4,42.1,42.3,812538
2014-04-23,42.4,42.4,41.9,41.95,1162108
2014-04-24,42,42.3,41.8,42.21,1011104
2014-04-27,42.3,42.5,42,42.32,1375541
2014-04-28,42.3,46.5,42.3,46.42,21366398
2014-04-29,46.2,51,45.7,48.51,23481364
2014-04-30,48.8,48.9,47.4,47.63,3535527
2014-05-01,47.5,47.5,46.2,46.36,3614999
2014-05-04,46.5,48.6,46.5,47.73,6527619
2014-05-05,47.9,48.2,47.3,47.38,1737149
2014-05-06,47.4,47.9,47.1,47.29,2662079
2014-05-07,47.3,47.3,46.6,46.95,1650966
2014-05-08,47,49.5,46.8,48.38,9301529
2014-05-11,48.6,49.6,48.1,48.22,4954653
2014-05-12,48.1,48.3,47.8,48.1,1826071
2014-05-13,48.5,48.8,47.9,48.08,2937647
2014-05-14,48,48.8,47.8,48.28,3675629
2014-05-15,48.3,49.1,48.2,48.51,4722241
2014-05-18,48.6,49.4,48.3,48.44,4774137
2014-05-19,48.6,48.6,47.8,48.12,2345003
2014-05-20,48,49.2,48,48.88,6301595
2014-05-21,48.9,49.3,48.7,48.95,4614233
2014-05-22,49.1,49.6,48.8,48.92,3510589
2014-05-25,48.8,49.9,48.6,49.21,4225307
2014-05-26,49.3,50.5,49.2,50.03,5002840
2014-05-27,51,53,51,52.63,12441482
2014-05-28,52.75,53.25,51.75,52.17,7267062
2014-05-29,52.25,53,50.75,52.14,4613622
2014-06-01,52.25,53,51.5,52.54,4356438
2014-06-02,52.75,54.25,52.5,53.49,8871936
2014-06-03,54,54.25,52.75,53.16,4150563
2014-06-04,52.25,52.75,51.25,52.05,6363077
2014-06-05,52.5,53.5,52.25,52.37,3351052
2014-06-08,52.5,52.5,49.3,50.38,5260007
2014-06-09,50.5,51,49.9,50.44,1731818
2014-06-10,50.75,51,49.7,50.01,2164837
2014-06-11,50,50,49.3,49.44,1321851
2014-06-12,49.4,49.4,48.2,48.64,1627055
2014-06-15,48.2,48.2,47.1,47.48,1472396
2014-06-16,47.2,47.7,45.5,45.83,1998889
2014-06-17,44.8,46.6,44,46.41,3900554
2014-06-18,46.6,47.6,46.6,47.28,2274029
2014-06-19,47.5,47.8,47,47.17,1620245
2014-06-22,47,47.4,46.2,46.54,1466839
2014-06-23,46.2,46.2,45.2,45.27,1656196
2014-06-24,45.1,46.7,44.6,46.5,1931656
2014-06-25,46.7,47.1,46.3,46.81,1496914
2014-06-26,46.8,47,46.5,46.87,888002
2014-06-29,46.3,46.6,46,46.2,567991
2014-06-30,46.2,46.4,45.7,45.83,638991
2014-07-01,45.7,46.1,45.5,45.92,705198
2014-07-02,46.2,47.8,46.2,47.55,1700221
2014-07-03,47.8,48.2,47.4,48.02,2213399
2014-07-06,48,48.5,47.7,48.38,1110880
2014-07-07,48.4,49.3,48.2,49.07,1213056
2014-07-08,49.2,50.25,49,49.4,1939219
2014-07-09,49.3,49.3,48.9,49.2,693599
2014-07-10,49.3,49.3,48.8,48.84,716072
2014-07-13,49,49.9,48.5,49.45,1325174
2014-07-14,49.5,49.9,49.5,49.5,621251
2014-07-15,49.5,49.5,49.2,49.23,318009
2014-07-16,49.1,49.2,48.9,49.08,476935
2014-07-17,49,49,48.5,48.52,537265
2014-07-20,48.4,49,48.2,48.25,689096
2014-07-21,48.2,48.8,48,48.74,421259
2014-07-22,48.8,53.5,48.6,52.36,10524498
2014-07-23,52.5,53.25,51.5,51.58,4564661
2014-07-24,51.5,51.75,49.9,50.31,2896119
2014-08-03,50.5,53,49.9,52.94,4457533
2014-08-04,52.5,53,52,52.86,1723227
2014-08-05,52.75,53,52.25,52.65,1547781
2014-08-06,52.25,52.75,52,52.51,888522
2014-08-07,52.75,53,52.5,52.72,940024
2014-08-10,52.5,53.75,52.25,53.16,3035121
2014-08-11,53.25,54.75,52.75,54.28,5193299
2014-08-12,54.25,56,53.75,55.5,4052646
2014-08-13,55.5,55.75,53.75,53.94,3937649
2014-08-14,54,55.5,53.75,54.72,2630618
2014-08-17,55,55.5,54.25,54.39,1968198
2014-08-18,54.5,55,54.25,54.77,943808
2014-08-19,54.5,54.5,53.5,53.82,1476598
2014-08-20,53.75,54,53.5,53.96,1100445
2014-08-21,53.75,54.25,53.25,53.75,1481655
2014-08-24,53.75,54,53.5,53.83,823494
2014-08-25,53.75,54,52.5,52.77,2057239
2014-08-26,52.5,53,52.25,52.71,995050
2014-08-27,52.75,53,52.25,52.72,1281403
2014-08-28,52.75,53,52.25,52.33,876644
2014-08-31,52.5,53,52.25,52.51,803948
2014-09-01,52.5,52.75,52.25,52.5,916954
2014-09-02,52.5,52.5,52,52,891383
2014-09-03,52,52,51,51.26,1491652
2014-09-04,51,51.5,50.5,51.29,1128431
2014-09-07,51.5,52.5,51.25,52.32,1840773
2014-09-08,52.5,52.75,52,52.45,871541
2014-09-09,52.25,52.75,52.25,52.53,857232
2014-09-10,52.5,52.75,52,52.05,1274412
2014-09-11,52.25,53.75,52,52.53,3218449
2014-09-14,52.5,52.75,51.5,51.57,1178510
2014-09-15,51.5,52,50.5,51.22,971142
2014-09-16,51.25,51.75,50.75,51.22,615046
2014-09-17,51.25,52,51.25,51.72,526052
2014-09-18,51.75,52.75,51.5,52.27,1538294
2014-09-21,52.25,52.5,51.25,51.36,1099424
2014-09-22,51,51.75,50,51.5,1696574
2014-09-24,51.25,54.5,49.7,53.26,7551609
2014-09-25,53,55.5,52,54.9,5637760
2014-09-28,54.75,55,53,53.21,2836837
2014-09-29,53,53,52.5,52.77,1018676
2014-09-30,53,53.25,52.25,52.65,1399041
2014-10-01,52.75,53,52.25,52.76,676776
2014-10-02,52.5,55,52.25,54.72,3637482
2014-10-12,52.5,53,49.7,49.97,3553437
2014-10-13,49.7,52,49.7,51.36,1474949
2014-10-14,51,52.25,50.25,51.99,2290138
2014-10-15,51.5,52,50,50.11,1974713
2014-10-16,45.1,49.1,45.1,47.15,2309211
2014-10-19,49.8,50.75,48.4,48.91,1773311
2014-10-20,49.3,49.5,48.3,48.84,914210
2014-10-21,49.1,50.5,49,50.15,1719424
2014-10-22,50.5,51.5,49.7,51.1,2041217
2014-10-23,50.5,53.25,50,53.01,4362667
2014-10-26,52.75,54,52.5,53.64,2411512
2014-10-27,53.5,53.5,52.25,52.46,1166309
2014-10-28,52.25,52.75,51.75,52.27,525261
2014-10-29,52.5,52.75,52,52,539464
2014-10-30,51.75,52,50.75,51.42,493024
2014-11-02,52.25,52.5,51.75,51.9,460500
2014-11-03,52,52.25,51.5,52.24,407078
2014-11-04,52,52.25,51,51.53,3595196
2014-11-05,51,51.25,50,51.07,570778
2014-11-06,51,51.25,49.9,50.54,1017721
2014-11-09,50.75,51.25,50.25,50.99,841996
2014-11-10,50.75,53.5,50.5,53.22,1790203
2014-11-12,54.25,54.75,53.25,53.64,1146773
2014-11-13,54.25,54.75,53.25,54.51,2387904
2014-11-16,54.75,54.75,53.25,53.5,1148274
2014-11-17,53.5,53.5,51.75,52.01,1237387
2014-11-18,52.25,52.75,52,52.29,695477
2014-11-19,52.25,52.5,52,52.17,157120
2014-11-20,52,52.5,52,52.07,320404
2014-11-23,52.25,53,52.25,52.25,9811045
2014-11-24,52.25,52.75,52,52.12,207808
2014-11-25,52,52,51.25,51.47,562730
2014-11-26,51.25,51.75,50.25,51.42,1256916
2014-11-27,51,51.75,50.75,51.51,506154
2014-11-30,49.5,51.75,48,50.83,3303828
2014-12-01,50.25,51.5,50.25,50.64,1050532
2014-12-02,51,51.75,50.75,50.82,518751
2014-12-03,51,51.75,50.75,51.31,928147
2014-12-04,51.5,52,51.25,51.76,596424
2014-12-07,51.75,51.75,51.25,51.25,302403
2014-12-08,51.25,53.75,51.25,51.91,3273415
2014-12-09,51.5,53,51.25,51.91,1982422
2014-12-10,51.75,52.5,50.75,51.02,1231801
2014-12-11,50.75,55,49.8,53.98,8480743
2014-12-14,51,51.75,50.5,50.69,3400747
2014-12-15,51.5,51.75,49.7,49.86,1376330
2014-12-16,48.8,50,47,48.4,3011674
2014-12-17,48.7,50,48.3,49.91,1537311
2014-12-18,51,54.75,51,54.43,13122980
2014-12-21,55,58.75,53.25,57.59,8048869
2014-12-22,58,58.5,55.25,56.7,4077550
2014-12-23,55.75,56.5,55.25,56.05,1469137
2014-12-24,56.25,57,54.5,55.04,2846374
2014-12-25,54.5,55.25,53.25,54.44,4166799
2014-12-28,54.25,55.25,54,54.39,1280125
2014-12-29,54.25,54.75,54,54.04,2854530
2014-12-30,53.5,53.75,52.5,53.26,2295555
2014-12-31,53.25,53.75,50,52.5,2461977
2015-01-01,53,53.25,51.75,52.62,986896
2015-01-04,52.5,52.5,51.5,52.01,499367
2015-01-05,52,52.25,51,51.87,1494823
2015-01-06,51,53,50,52.79,3284254
2015-01-07,52.75,53.25,52.25,52.54,764475
2015-01-08,52.75,53.5,51.75,51.99,1645029
2015-01-11,52,52.5,52,52.25,710982
2015-01-12,52.25,53,51.75,52.51,1224334
2015-01-13,52,52.75,51.75,52.52,1207631
2015-01-14,52.5,52.5,51.5,51.82,1653703
2015-01-15,52,52.25,51.5,51.52,866425
2015-01-18,51.75,52.5,51.75,51.91,1771165
2015-01-19,52,52.25,51.5,51.84,1181395
2015-01-20,51.75,53.5,51.75,53.01,1827561
2015-01-21,53.25,54,53,53.51,2100868
2015-01-22,53.25,53.75,53,53.57,1067873
2015-01-26,54,54.25,53,53,1405046
2015-01-27,53,53.5,52.5,53.26,719191
2015-01-28,53.5,55.25,53,54.94,5572760
2015-01-29,55,56.5,54.5,56.01,4638485
2015-02-01,57.25,59.75,56.75,57.88,4123120
2015-02-02,58,58.75,57.5,57.84,1020072
2015-02-03,58.5,58.75,57,57.54,1487618
2015-02-04,57.75,58,57.25,57.28,585106
2015-02-05,57,58.25,57,57.75,799111
2015-02-08,58,60.25,57.25,59.43,3666913
2015-02-09,59.25,60.75,59.25,60.01,2080014
2015-02-10,60.75,61,58.5,58.74,2330796
2015-02-11,58.75,60.25,58.25,59.04,1504428
2015-02-12,59,64.75,59,64.41,6217353
2015-02-15,66.75,70.5,65.25,69.04,6471113
2015-02-16,69.25,72.75,67.75,70.79,6188710
2015-02-17,71,77.25,70.75,72.66,8402849
2015-02-18,73.75,75.5,72,72.36,3097103
2015-02-19,72,72,69,69.85,3786730
2015-02-22,70.25,75,70.25,72.87,3819313
2015-02-23,73.5,74.75,72.25,72.36,14087055
2015-02-24,72.75,74.25,72.25,73.9,1148781
2015-02-25,73.75,74.25,71,72.76,1578165
2015-02-26,72.75,74.75,72.5,73.22,2684518
2015-03-01,74.25,78,74.25,77.46,5787689
2015-03-02,78,79.75,77.25,77.9,7193156
2015-03-03,77.25,78.75,75.75,77.6,2686565
2015-03-04,78,79,74.25,74.78,3425793
2015-03-05,74.75,75,73,74.45,1866840
2015-03-08,74.5,74.5,73.5,74.16,1332985
2015-03-09,73.75,77.25,73.5,76.82,3591577
2015-03-10,77.5,79.25,76,76.93,4244328
2015-03-11,77,83.75,76,82.77,11547338
2015-03-12,84.25,88.75,81.5,82.34,16867542
2015-03-15,81,86.5,79.75,85.2,7006628
2015-03-16,85.25,86.5,82.25,83.45,3190372
2015-03-17,84,85,82.5,83.52,2240358
2015-03-18,83.25,83.5,80.25,82.56,2479483
2015-03-19,83.5,84.5,80.5,80.9,2643193
2015-03-22,82.25,85,81,83.44,2518382
2015-03-23,83.5,83.75,81.75,83.04,1105841
2015-03-24,82,83.5,80.75,83,1703428
2015-03-25,82.5,83,74.75,74.92,5784944
2015-03-26,71.25,77.25,71,75.64,3082036
2015-03-29,78.75,81,77.25,79.93,3329541
2015-03-30,80,80.75,77.75,78.27,1923316
2015-03-31,78,78.75,74.75,75.97,1305142
2015-04-01,75.5,78.75,75.5,77.55,1984007
2015-04-02,78.75,79,76.5,78.18,1481015
2015-04-05,77.25,78.5,75.5,75.94,1189598
2015-04-06,76.5,77.25,76,76.02,582771
2015-04-07,76.75,79.5,76.5,78.71,1599473
2015-04-08,78.75,79.25,77.5,77.96,864840
2015-04-09,78,80.5,77.75,79.49,2189055
2015-04-12,79.75,80.25,78,78.36,1945518
2015-04-13,78,79,78,78.24,682164
2015-04-14,78,78.25,72,73.82,2419067
2015-04-15,74.5,77.25,74.5,76.36,2058729
2015-04-16,77,77.25,75.5,75.94,642562
2015-04-19,77,78.75,76.75,77.1,1222581
2015-04-20,77.25,78.25,76.5,77.36,1295836
2015-04-21,77.5,78,76.75,77.43,778282
2015-04-22,77.75,78.5,77.25,78.28,1092184
2015-04-23,78.25,78.25,77.5,77.59,509577
2015-04-26,78,78,76.75,77.57,714536
2015-04-27,77.5,77.75,77,77.39,949995
2015-04-28,77.25,83.75,77,80.1,7549436
2015-04-29,81.5,82,78.25,79.41,3252630
2015-04-30,79.75,82,79,79.55,3591125
2015-05-03,80,81.25,78.25,78.71,2210002
2015-05-04,79,79.75,78.5,78.96,695563
2015-05-05,79.25,79.5,78.25,78.36,1075516
2015-05-06,78,79.25,78,78.89,650601
2015-05-07,78.75,78.75,76.75,77.32,1309682
2015-05-10,78,78.25,75.75,77.5,1387262
2015-05-11,77.5,78.75,76,76.45,1074672
2015-05-12,76,76.5,75.75,76.39,350448
2015-05-13,76.25,76.5,76,76.19,637316
2015-05-14,76.25,78,76.25,76.95,781504
2015-05-17,77,78,77,77.43,464411
2015-05-18,77.25,77.75,76.75,76.97,387069
2015-05-19,76.5,77.5,76,77,1289393
2015-05-20,77,78,76.5,77.17,1070874
2015-05-21,77,77.25,76.75,77.01,274735
2015-05-24,77,77.25,76.25,76.88,283277
2015-05-25,76.5,77.5,76.5,77.04,344413
2015-05-26,77.25,80.75,77,79.94,2055492
2015-05-27,80.25,80.25,77,78.35,1673350
2015-05-28,78.75,82,78,81.23,2559079
2015-05-31,81.5,81.75,78.5,79.19,2594075
2015-06-01,78.75,79.5,77,78.07,1791645
2015-06-02,78.25,79.25,76.75,77.5,2200430
2015-06-03,77.5,77.75,77.25,77.4,238050
2015-06-04,77.25,77.5,77,77.13,457812
2015-06-07,77,77.25,76.75,76.97,256994
2015-06-08,77,77.25,76.5,76.75,257092
2015-06-09,76.5,76.75,74.5,75.69,622172
2015-06-10,76,76.25,75.5,75.55,291593
2015-06-11,76,76.5,75.5,76,245545
2015-06-14,75.5,76.75,75.5,76.59,259281
2015-06-15,76.75,76.75,75.5,75.97,2299811
2015-06-16,76,76.25,75.25,75.69,3586496
2015-06-17,75.5,75.75,75.25,75.49,167938
2015-06-18,75.75,75.75,75,75.25,277402
2015-06-21,75.25,75.25,74.25,74.32,219846
2015-06-22,74.25,74.5,73,73.27,269428
2015-06-23,74.5,74.75,73.25,73.57,451035
2015-06-24,73.5,74,73,73.67,308837
2015-06-25,73.5,74.5,73.25,74.28,361980
2015-06-28,74.5,74.5,72,73.71,425559
2015-06-29,72,75,72,74.63,516718
2015-06-30,73.25,74.5,72.25,74.36,507600
2015-07-01,74.5,74.5,73.75,73.87,453338
2015-07-02,74,74.25,73.5,74.17,351520
2015-07-05,74,74.75,73.25,74.01,266709
2015-07-06,73.5,74.25,73.25,73.85,280742
2015-07-07,73.75,73.75,73,73.19,372870
2015-07-08,73.25,73.75,73,73.51,181041
2015-07-09,73.25,77,73.25,74.64,1268025
2015-07-12,74.75,75.25,73.5,73.94,622620
2015-07-13,74.5,74.5,73.5,73.94,111329
2015-07-14,73.75,74.25,73.75,74.2,86809
2015-07-15,74.25,75.75,74.25,75.02,272320
2015-07-22,75.5,75.5,74,74.49,205148
2015-07-23,74.25,74.75,74,74.55,110007
2015-07-26,74.5,75,73.25,74.03,116474
2015-07-27,74,74,73,73.5,155985
2015-07-28,73.25,73.75,73,73.08,170859
2015-07-29,73.5,74.5,73.5,73.53,199364
2015-07-30,74.5,76,74.25,74.49,708974
2015-08-02,74.25,74.75,72.5,73.3,474364
2015-08-03,73,73.25,71.5,72.97,520894
2015-08-04,73,73.5,72,73.25,295827
2015-08-05,73.5,74.5,73,74.13,316042
2015-08-06,74,74,73,73.32,271971
2015-08-09,72.25,73.25,72,73.02,394792
2015-08-10,73,73.5,72.5,73.3,148610
2015-08-11,73.75,73.75,73,73,241525
2015-08-12,73,73,72.5,72.75,311460
2015-08-13,72.75,73,72.5,72.65,142978
2015-08-16,72.25,72.75,65.75,68.48,661821
2015-08-17,67.25,71,67,68.97,516624
2015-08-18,68.5,69,65.25,66.42,855279
2015-08-19,65.5,67,61,61.71,510571
2015-08-20,59,63,56.25,62.08,1657764
2015-08-23,59,59,56,56.01,2905911
2015-08-24,54.25,56.25,50.5,50.5,3137072
2015-08-25,51.25,55.5,49.4,55.5,4546892
2015-08-26,56,61,53.5,55.77,2917003
2015-08-27,59.75,60.75,58.75,59.01,1491423
2015-08-30,62.25,64.5,61,61.63,1853614
2015-08-31,61.5,62,59.5,60.79,929408
2015-09-01,61.25,62.5,58,58.66,1274384
2015-09-02,57.5,58.25,55.25,58.05,2783072
2015-09-03,60,60,57.75,58.05,961340
2015-09-06,57.25,60,57,59.39,693896
2015-09-07,60,61.25,59.5,60,809077
2015-09-08,59.75,62,59.25,61.86,774250
2015-09-09,62.5,65.5,62.5,65.12,1775500
2015-09-10,63.75,67,63.75,65.71,1498804
2015-09-13,66.75,68.25,65.25,65.76,770641
2015-09-14,66,66,63.75,63.97,418746
2015-09-15,63,63.5,61.75,62.95,1123297
2015-09-16,63.75,64,63,63.1,463053
2015-09-17,63.5,64.25,62.75,63.04,571826
2015-09-20,62.5,62.75,62,62.07,231587
2015-09-21,62.5,65,62,64.7,757437
2015-09-29,64.75,64.75,62.5,63.84,595480
2015-09-30,64,64.25,63.25,64.15,215237
2015-10-01,63,64.5,63,63.76,240100
2015-10-04,63.75,64.25,63,63.23,318697
2015-10-05,63.75,63.75,63.25,63.47,183145
2015-10-06,63.5,64.25,63,63.12,317899
2015-10-07,63.5,65.25,63.5,65.05,1079606
2015-10-08,64.5,65.75,64.5,65.65,420421
2015-10-11,65.5,67,65.5,66.54,465470
2015-10-12,66.25,68,65.75,66.7,526591
2015-10-13,64,67.75,64,66.54,378676
2015-10-14,66.5,67,65,65.51,411589
2015-10-15,65.75,66,64.25,64.26,261568
2015-10-18,64.75,65.75,64.25,64.77,190848
2015-10-19,65,65,64,64.25,115630
2015-10-20,64.25,64.75,63.75,63.91,144984
2015-10-21,63.5,63.5,61.5,61.79,452939
2015-10-22,61.5,62.5,60,60.72,374003
2015-10-25,61,61.75,58.25,58.59,573039
2015-10-26,58.75,60,58,59.76,581454
2015-10-27,59.75,60.75,59.5,59.65,474754
2015-10-28,59.25,60.25,59.25,59.76,122707
2015-10-29,60.75,61,59.5,59.5,577352
2015-11-01,59,59,58.25,58.74,251458
2015-11-02,58.75,60.25,58.25,59.47,786005
2015-11-03,58.25,58.25,55,55.4,1202240
2015-11-04,56.25,57,53,55.9,571452
2015-11-05,55.5,57,55.25,55.77,361170
2015-11-08,54.5,57.25,53.75,56.71,619251
2015-11-09,56.5,58,56.25,56.81,430204
2015-11-10,56.5,56.75,56,56.72,353298
2015-11-11,56.5,57.5,56.5,57.14,159418
2015-11-12,57,57.25,56.5,56.96,196628
2015-11-15,56.5,56.5,55,55.46,245784
2015-11-16,55.75,56.75,54,56.25,526747
2015-11-17,56.25,56.75,55.25,55.88,161207
2015-11-18,56,56.25,55,55.47,248341
2015-11-19,55.5,57,55.5,56.73,758260
2015-11-22,56.5,60.5,56.5,58.57,1319611
2015-11-23,58,58.25,57.5,58.16,619007
2015-11-24,58,59.5,58,58.5,604748
2015-11-25,58,59,58,58.5,274242
2015-11-26,58.5,60.5,58.25,59.54,1111321
2015-11-29,59.5,60,58.75,59.03,459780
2015-11-30,59,60,58.5,59.8,740769
2015-12-01,59.5,61,59.5,60.74,938238
2015-12-02,60.75,63.75,59.75,62.64,1396879
2015-12-03,63,65,61.75,62.05,1443971
2015-12-06,61.25,62.25,59.75,60.47,949703
2015-12-07,60,60,56.5,56.86,862142
2015-12-08,54.25,55.75,53.75,54.65,1196126
2015-12-09,52.5,56.75,52.5,54.97,1157103
2015-12-10,55.5,56.75,54.25,54.43,1337832
2015-12-13,53,53.5,51.5,52.94,1307634
2015-12-14,53.25,53.5,51.25,51.55,719050
2015-12-15,51.75,53,51.75,52.58,637936
2015-12-16,53,55.5,52.75,54.47,1222287
2015-12-17,54.75,55.25,54.25,54.79,888191
